Name,Banger?,Channel,Child Content,Child's Parent,Cold Idea,Content Pillar,Created,Created By,Divider,Editor,Focus Keywords,Grandchild,Grandparent,Graveyard,Gut Prediction,Idea,Keyword Content,Keyword Difficulty,Keyword Research,Keyword Volume,Last Updated,Late?,No.,Notes,Outstanding Amount,Paid,Paid Amount,Parent Content,Parent's Child,Pay Due Date,Pay Status,Performance Notes,Platforms,Priority,Proposed Channel,Publish Date,Pulled Notes,Pulled Resources,Quick Capture Box,Rel Seed Name,Rel. Seed,Rel. Seed Handoff,Review Date,Row Updated,Search Interest,Sponsor,Sponsor Pay Structure,Sponsor Performance,Sponsor Rate,Sponsor URL,Status,Submitter,Tags,Tasks,Topic Trend,Type,URL,Update Interval (Days),View Performance,Writer
Top 3 PowerToys Features I Use Every Day to Maximize My Productivity,🍋,#LeanProductivity (https://www.notion.so/LeanProductivity-8380e1295dd4439a8846b9a898501e5c?pvs=21),,,No,,"July 23, 2022 7:38 PM",Sascha,🛑🛑🛑🛑🛑 Everything Below This Line Just Runs the Template 🛑🛑🛑🛑🛑,Sascha,"microsoft powertoys (https://www.notion.so/microsoft-powertoys-e9f592ab8d9b4ed69225d57bdf9ca3fa?pvs=21), productivity,fancyzones,windows,top feature,microsoft powertoys,powertoys,windows 11,productivity tips,increase productivity,productivity hacks (https://www.notion.so/productivity-fancyzones-windows-top-feature-microsoft-powertoys-powertoys-windows-11-productivity-ti-ad75c9929288427eaa49d930ef396f5a?pvs=21)",,,No,Medium,No,"https://www.notion.so/7f4612b4680b48ceae81abb05a3cbe3f,https://www.notion.so/7f4612b4680b48ceae81abb05a3cbe3f",,,,,⌚️ On Time,4,,0,No,,,,"October 31, 2022",⛔️ Not Sponsored,,"Blog, LinkedIn, Twitter, YouTube",🚙 Short Term,,21/08/2022,,,No,Top 3 PowerToys Features I Use Every Day to Maximize My Productivity,Yes,,,"August 24, 2023 2:02 PM",Low,,,,,,✅ Completed,,Tools,"Define title (https://www.notion.so/Define-title-428581b3cbec44079422863ad6df310d?pvs=21), Create Thumbnail (https://www.notion.so/Create-Thumbnail-1b598a7a8aca45b0a1bc59e22bdc14c0?pvs=21), Write script (https://www.notion.so/Write-script-8f320087a3d744a4b52fbb273be2406b?pvs=21)",Medium,Video,https://youtu.be/-l9P0o2ch9M,,😐 Okay,Sascha
Speed Up Your Windows Installs: An Easy Guide for Noobs!,🍋,#LeanProductivity (https://www.notion.so/LeanProductivity-8380e1295dd4439a8846b9a898501e5c?pvs=21),,,No,,"August 25, 2022 2:05 PM",Sascha,🛑🛑🛑🛑🛑 Everything Below This Line Just Runs the Template 🛑🛑🛑🛑🛑,Sascha,"fast software batch installation package automated (https://www.notion.so/fast-software-batch-installation-package-automated-edf1f0fa1337462d91ab0960e6d984f3?pvs=21), windows package manager (https://www.notion.so/windows-package-manager-345f51153af745568947941981d25f5f?pvs=21), automatic software installation (https://www.notion.so/automatic-software-installation-aa08d53b98fd4c37b6950d05046af96d?pvs=21), winstall package manager (https://www.notion.so/winstall-package-manager-bcd9062f52554d3ca2810f8cf36cda5a?pvs=21), the easiest way to install many applications fast (https://www.notion.so/the-easiest-way-to-install-many-applications-fast-01a316c6bf7e472794178e772178f22d?pvs=21)",,,No,,No,"https://www.notion.so/111a5915515545b5ac3bab53d30be2d2,https://www.notion.so/111a5915515545b5ac3bab53d30be2d2,https://www.notion.so/111a5915515545b5ac3bab53d30be2d2,https://www.notion.so/111a5915515545b5ac3bab53d30be2d2,https://www.notion.so/111a5915515545b5ac3bab53d30be2d2","9.4,8.5,41,15,12",,"730,1600,745,1320,2200",,⌚️ On Time,5,,0,No,,,,"October 31, 2022",⛔️ Not Sponsored,,"Blog, Facebook, LinkedIn, Twitter, YouTube",,,30/08/2022,,,No,Speed Up Your Windows Installs: An Easy Guide for Noobs!,Yes,,,"August 24, 2023 1:55 PM",,,,,,,✅ Completed,,,"Write script (https://www.notion.so/Write-script-f8c7d0e107ef487aa75b38a87ec39a17?pvs=21), Review script (https://www.notion.so/Review-script-92c4ab8a71d7445283817151d9e1d23a?pvs=21), Film video (https://www.notion.so/Film-video-d95e5fa9004d4e5293e97f17307f64fb?pvs=21), Edit video (https://www.notion.so/Edit-video-ff21e2b5ccc448269e889123839aec55?pvs=21), Publish video (https://www.notion.so/Publish-video-eef5ffbe31fc4c7b922a303ea4a88c64?pvs=21), Define title (https://www.notion.so/Define-title-5ba38ef45bbc4efd86cbf015cb7a16d1?pvs=21), Create thumbnail (https://www.notion.so/Create-thumbnail-cb4479e56b5641238221f9661dcea9dd?pvs=21), Share on social media (Twitter, Substack, Pinterest, Web site, LinkedIn) (https://www.notion.so/Share-on-social-media-Twitter-Substack-Pinterest-Web-site-LinkedIn-0507e1924972480c822aa533d7ea73e0?pvs=21)",,Video,https://youtu.be/allWk6TP5yE,,,Sascha
"How To Make Fast, Easy Decisions Using Multi-Criteria Analysis",🍋,"SDK Blog (https://www.notion.so/SDK-Blog-5ad06f2c31ee4dd89ea378154c217055?pvs=21), #LeanProductivity (https://www.notion.so/LeanProductivity-8380e1295dd4439a8846b9a898501e5c?pvs=21)",,,No,,"September 5, 2022 4:07 PM",Sascha,🛑🛑🛑🛑🛑 Everything Below This Line Just Runs the Template 🛑🛑🛑🛑🛑,,"Untitled (https://www.notion.so/0948922301bc4c99bd07d24b711e17e4?pvs=21), multi criteria decision making,multi criteria decision analysis,mcdm,mcda,decision making,multi attribute decision making,multi-criteria decision analysis (https://www.notion.so/multi-criteria-decision-making-multi-criteria-decision-analysis-mcdm-mcda-decision-making-multi-attr-07e1e72566bd44488098f3b9f6dd2d53?pvs=21)",,,No,,No,https://www.notion.so/ba78e5ebc6ef49fba5c97b744fdfbbe5,,,,,⌚️ On Time,6,,0,No,,,,"November 30, 2022",⛔️ Not Sponsored,,"Blog, LinkedIn, Twitter, YouTube",,,07/09/2022,,,No,"How To Make Fast, Easy Decisions Using Multi-Criteria Analysis",Yes,,,"August 24, 2023 1:51 PM",,,,,,,✅ Completed,,,"Define title (https://www.notion.so/Define-title-3a22692fa40e470c836aca1d34e7484e?pvs=21), Create thumbnail (https://www.notion.so/Create-thumbnail-6dbe99d4773e43d4baf900fc9f59bb38?pvs=21), Write script (https://www.notion.so/Write-script-f75d469f64364d58a0d6a4084bc12600?pvs=21), Review script (https://www.notion.so/Review-script-9529ab8b15334446b7d19dabc2709d27?pvs=21), Film video (https://www.notion.so/Film-video-e22ad07041f3421f837432520c693592?pvs=21), Edit video (https://www.notion.so/Edit-video-54c2e69d403d448fa7b56ac3fd7b13a2?pvs=21), Share on social media (Twitter, Substack, Pinterest, Web site, LinkedIn) (https://www.notion.so/Share-on-social-media-Twitter-Substack-Pinterest-Web-site-LinkedIn-9c394478e15d49dda3e7f87317c4c33d?pvs=21)",,"Blog,Video",https://youtu.be/ByIFPzjeqns,,,
3 NEW Awesome Features in Microsoft PowerToys You Must Know About,🍋,#LeanProductivity (https://www.notion.so/LeanProductivity-8380e1295dd4439a8846b9a898501e5c?pvs=21),,,No,,"September 13, 2022 11:35 AM",Sascha,🛑🛑🛑🛑🛑 Everything Below This Line Just Runs the Template 🛑🛑🛑🛑🛑,,"powertoys windows 11 (https://www.notion.so/powertoys-windows-11-65eb68259eca40799c79960812d35553?pvs=21), microsoft powertoys (https://www.notion.so/microsoft-powertoys-ac9655e2e41d4f4f94755f655f83db3d?pvs=21), power toys microsoft (https://www.notion.so/power-toys-microsoft-c57d522fff6b46fdb179563b37cad439?pvs=21)",,,No,,No,"https://www.notion.so/4006b09fdef640198c4ec7c13ce8cf76,https://www.notion.so/4006b09fdef640198c4ec7c13ce8cf76,https://www.notion.so/4006b09fdef640198c4ec7c13ce8cf76","13.93,21.35,16.36",,"3100,12029,2726",,⌚️ On Time,7,,0,No,,,,"November 30, 2022",⛔️ Not Sponsored,,"Facebook, Instagram, LinkedIn, Twitter, YouTube",,,13/09/2022,,,No,3 NEW Awesome Features in Microsoft PowerToys You Must Know About,Yes,,,"August 24, 2023 12:58 PM",,,,,,,✅ Completed,,,"Untitled (https://www.notion.so/fe4bc3e47b284c38b6266ae5d23a71f4?pvs=21), Define title (https://www.notion.so/Define-title-9bc2c59addaa4c1a90589c9efbf0aa6d?pvs=21), Create thumbnail (https://www.notion.so/Create-thumbnail-77f4ee8405fd44b1ad080e90185dc85b?pvs=21), Write script (https://www.notion.so/Write-script-ca039040dc05431f8a6fef446fa82ecf?pvs=21), Review script (https://www.notion.so/Review-script-eec7e5cf3e92438ea7a7f2f9f33e3335?pvs=21), Film video (https://www.notion.so/Film-video-a2b94eab5a2b4f79b93e5a9873cb04d8?pvs=21), Edit video (https://www.notion.so/Edit-video-1f41b1f80c29487591543fa941b98a49?pvs=21), Publish video (https://www.notion.so/Publish-video-b7b46c0ee8ef4470a954b3100380aae5?pvs=21), Share on social media (Twitter, Substack, Pinterest, Facebook, LinkedIn, Website) (https://www.notion.so/Share-on-social-media-Twitter-Substack-Pinterest-Facebook-LinkedIn-Website-f3a2202048e048ec8469857b611afc6e?pvs=21)",,Video,https://youtu.be/DtaQrZ8tNW8,,,
One Tool to Rule Them All? - How To Write ANY Meeting Notes BETTER!,🍋,#LeanProductivity (https://www.notion.so/LeanProductivity-8380e1295dd4439a8846b9a898501e5c?pvs=21),,,No,,"August 7, 2023 3:49 PM",Sascha,🛑🛑🛑🛑🛑 Everything Below This Line Just Runs the Template 🛑🛑🛑🛑🛑,,,,,No,,No,,,,,,⌚️ On Time,20,,0,No,,,,"October 31, 2023",⛔️ Not Sponsored,,"Facebook, Instagram, LinkedIn, Twitter, YouTube",,,22/08/2023,,,No,One Tool to Rule Them All? - How To Write ANY Meeting Notes BETTER!,Yes,,,"August 24, 2023 12:36 PM",,,,,,,✅ Completed,,,"Define title (https://www.notion.so/Define-title-3f6ab1ca2e6340d188bc84325b680761?pvs=21), Create thumbnail (https://www.notion.so/Create-thumbnail-b298822947074b009cdf5f647dbfdc3e?pvs=21), Write script (https://www.notion.so/Write-script-b988035314e54693b2446d72e4d84f71?pvs=21), Review script (https://www.notion.so/Review-script-4752c28c302b47f9ac4f803c981c1e26?pvs=21), Film video (https://www.notion.so/Film-video-67693a8ca6d2417fb60b8813472d3bef?pvs=21), Edit video (https://www.notion.so/Edit-video-78bfc1bc1cbd4ee8a555c034ac145375?pvs=21), Publish video (https://www.notion.so/Publish-video-3d160c798a3c40f08e1d12a52f8ab8eb?pvs=21), Generate and add subtitles (https://www.notion.so/Generate-and-add-subtitles-619a73997ffa44f78e50c3a47625287a?pvs=21), Write Blog Post (https://www.notion.so/Write-Blog-Post-40499855376245468a1b6c2ee3b3c028?pvs=21), Create Infographic (https://www.notion.so/Create-Infographic-66de3ef3db1f4f1c83711b40341d760b?pvs=21), Share on social media (Twitter, Substack, Pinterest, Facebook, LinkedIn, Website) (https://www.notion.so/Share-on-social-media-Twitter-Substack-Pinterest-Facebook-LinkedIn-Website-7ea65f55bf4e48d4bf9f514fa10d652e?pvs=21)",,Video,https://youtu.be/1EDAesUvFmQ,,,
Unlock Better Meetings: Discover the TOP 4 Note-Taking Methods,🍋,#LeanProductivity (https://www.notion.so/LeanProductivity-8380e1295dd4439a8846b9a898501e5c?pvs=21),,,No,,"June 14, 2023 4:24 PM",Sascha,🛑🛑🛑🛑🛑 Everything Below This Line Just Runs the Template 🛑🛑🛑🛑🛑,,Note-taking keywords (https://www.notion.so/Note-taking-keywords-51d7e6dec92c4376931f7e2155b23a7c?pvs=21),,,No,,No,https://www.notion.so/c8e5023b47f747baa8d95fcc6c12461b,,,,,⌚️ On Time,19,Research Note-taking (https://www.notion.so/Research-Note-taking-3ce66b328efa4da99b12ea459b6ff61a?pvs=21),0,No,,,,"October 31, 2023",⛔️ Not Sponsored,,YouTube,,,07/08/2023,,,No,Unlock Better Meetings: Discover the TOP 4 Note-Taking Methods,Yes,,,"August 24, 2023 12:36 PM",,,,,,,✅ Completed,,Productivity,"Define title (https://www.notion.so/Define-title-ff787107011b4edf949b203bf412ec1d?pvs=21), Create thumbnail (https://www.notion.so/Create-thumbnail-b44f7bcace6243e48a58b481ccf3a0f8?pvs=21), Write script (https://www.notion.so/Write-script-59073e52bec04bf19b3073138e48b433?pvs=21), Review script (https://www.notion.so/Review-script-3b89ea7ee0484cc693de303a3e887412?pvs=21), Film video (https://www.notion.so/Film-video-f255b605a76140d09775f01aa8d6f394?pvs=21), Edit video (https://www.notion.so/Edit-video-af4dcd7acb454e41b964239126177b48?pvs=21), Publish video (https://www.notion.so/Publish-video-1181e3fdbb6a47b2b1002f02cdec3be7?pvs=21), Generate and add subtitles (https://www.notion.so/Generate-and-add-subtitles-7b0aa8ecc11a43dea3ad2f34accd11d3?pvs=21), Write Blog Post (https://www.notion.so/Write-Blog-Post-567819d429654be1b3f55184104c68b7?pvs=21), Create Infographic (https://www.notion.so/Create-Infographic-a6e80361867a472e93e16f1059d8db10?pvs=21), Share on social media (Twitter, Substack, Pinterest, Facebook, LinkedIn, Website) (https://www.notion.so/Share-on-social-media-Twitter-Substack-Pinterest-Facebook-LinkedIn-Website-38e3c61ab5f3492dae96b8fb9116802f?pvs=21)",,Video,https://youtu.be/wLt7QXXncm8,,,
14 POWERFUL techniques to make your meetings HIGHLY PRODUCTIVE,🍋,#LeanProductivity (https://www.notion.so/LeanProductivity-8380e1295dd4439a8846b9a898501e5c?pvs=21),,,No,,"April 29, 2023 1:28 PM",Sascha,🛑🛑🛑🛑🛑 Everything Below This Line Just Runs the Template 🛑🛑🛑🛑🛑,,Meeting Productivity Tags (https://www.notion.so/Meeting-Productivity-Tags-cfc218d883f5480ab2097986a86d10cc?pvs=21),,,No,,No,https://www.notion.so/e5b59db233764281a9534586ade5a563,,,,,⌚️ On Time,18,"Research Meeting Productivity (https://www.notion.so/Research-Meeting-Productivity-fe47692372654445a2bc9437cd84fbc7?pvs=21), 13 Meeting Productivity Phallacies (https://www.notion.so/13-Meeting-Productivity-Phallacies-3bb99345fb0b4ca4b0a65a684abcfce1?pvs=21)",0,No,,,,"August 31, 2023",⛔️ Not Sponsored,,"Blog, LinkedIn, YouTube",,,28/06/2023,,,No,14 POWERFUL techniques to make your meetings HIGHLY PRODUCTIVE,Yes,,,"August 24, 2023 12:36 PM",,,,,,,✅ Completed,,Productivity,"Define title (https://www.notion.so/Define-title-7bc24de57b1d43d0bac09d27e1c9e74a?pvs=21), Create thumbnail (https://www.notion.so/Create-thumbnail-eeb5ef110bf44904ba70b920c0ae6390?pvs=21), Write script (https://www.notion.so/Write-script-9067603186634c6c84fe39be16288dfb?pvs=21), Review script (https://www.notion.so/Review-script-67574528f0fc44cda84473d4f47ae6b8?pvs=21), Film video (https://www.notion.so/Film-video-efd18477e0fa40c1b79bd7e70e06288d?pvs=21), Edit video (https://www.notion.so/Edit-video-097b494399cb4dc1a684c221f3eaed36?pvs=21), Publish video (https://www.notion.so/Publish-video-f4c5af071d5343a18515fbe7cd31efca?pvs=21), Generate and add subtitles (https://www.notion.so/Generate-and-add-subtitles-239cf395218a4d9c82e34b5b8cfb08ce?pvs=21), Write Blog Post (https://www.notion.so/Write-Blog-Post-b221c6553f024dff9a8d44bf365e8eda?pvs=21), Create Infographic (https://www.notion.so/Create-Infographic-1834c95e8c7643cebf172d659e77edbb?pvs=21), Share on social media (Twitter, Substack, Pinterest, Facebook, LinkedIn, Website) (https://www.notion.so/Share-on-social-media-Twitter-Substack-Pinterest-Facebook-LinkedIn-Website-fbfb37b4e9e049ffaafcaf139a57cc5f?pvs=21)",,Video,https://youtu.be/QsHeAxQ75-Q,,,
Procrastination Busters: TOP 5 Strategies to GET THINGS DONE,🍋,#LeanProductivity (https://www.notion.so/LeanProductivity-8380e1295dd4439a8846b9a898501e5c?pvs=21),,,No,,"April 27, 2023 10:53 AM",Sascha,🛑🛑🛑🛑🛑 Everything Below This Line Just Runs the Template 🛑🛑🛑🛑🛑,,"How to beat procrastination, defeating procrastination, productivity tips, overcoming procrastination, time management, productivity hacks, motivation, goal achievement, beating procrastination, getting things done, success mindset, personal development, self-improvement, productivity strategies, time management techniques, goal setting, overcoming laziness, improving focus, prioritizing tasks, time blocking, task management, achieving success, boosting productivity, increasing efficiency, time-saving techniques, beating procrastination habits, success habits, overcoming self-sabotage, self-discipline, time utilization (https://www.notion.so/How-to-beat-procrastination-defeating-procrastination-productivity-tips-overcoming-procrastinatio-ae70675f56f54526a88b40324ecca102?pvs=21), #ProcrastinationBusters #BeatProcrastination #ProductivityTips #GetThingsDone #OvercomingProcrastination #GoalAchievement #ProductivityHacks #TimeManagement #Motivation #Success (https://www.notion.so/ProcrastinationBusters-BeatProcrastination-ProductivityTips-GetThingsDone-OvercomingProcrastinat-38a0dc745c2c4f2f9708e15abd4f6495?pvs=21)",,,No,,No,"https://www.notion.so/a8e9af3ec8584db39b0efeaeb3932607,https://www.notion.so/a8e9af3ec8584db39b0efeaeb3932607",,,,,⌚️ On Time,17,"Procrastination notes (https://www.notion.so/Procrastination-notes-2020d0d8f9ba4b5cb5f69b26f4203667?pvs=21), Untitled (https://www.notion.so/5e4b550839284a3fa359cfb84eb7b469?pvs=21)",0,No,,,,"August 31, 2023",⛔️ Not Sponsored,,"Facebook, Instagram, LinkedIn, Twitter, YouTube",,,12/06/2023,,,No,Procrastination Busters: TOP 5 Strategies to GET THINGS DONE,Yes,,,"August 24, 2023 12:36 PM",,,,,,,✅ Completed,,Productivity,"Define title (https://www.notion.so/Define-title-f1a06a09c46e4c8d850a592371550aeb?pvs=21), Create thumbnail (https://www.notion.so/Create-thumbnail-e7a6445543504800901379dae40bd61e?pvs=21), Write script (https://www.notion.so/Write-script-9382ec9d33e34544ac0ee6623c525629?pvs=21), Review script (https://www.notion.so/Review-script-eeeb7c188b08413abcf1101521d8abf6?pvs=21), Film video (https://www.notion.so/Film-video-65e6b0310d724056a36327df193d2615?pvs=21), Edit video (https://www.notion.so/Edit-video-3f63f0c8a5ef4f3eb4c90561e8d843af?pvs=21), Publish video (https://www.notion.so/Publish-video-cf4c8b9b37bb4e1c905c99c36b97f805?pvs=21), Generate and add subtitles (https://www.notion.so/Generate-and-add-subtitles-769cbf500e204dc1b233525a515b6c1c?pvs=21), Write Blog Post (https://www.notion.so/Write-Blog-Post-91394126553a42e88124ac6f1ca617c6?pvs=21), Create Infographic (https://www.notion.so/Create-Infographic-8255c3a9adf14809bcf03d91884c5f28?pvs=21), Share on social media (Twitter, Substack, Pinterest, Facebook, LinkedIn, Website) (https://www.notion.so/Share-on-social-media-Twitter-Substack-Pinterest-Facebook-LinkedIn-Website-1fea9f265d83406ea606dd61e3d24a14?pvs=21)",,Video,https://youtu.be/SpEZNd-l8kY,,,
STOP believing these 8 stubborn MYTHS that destroy YOUR PRODUCTIVITY!,🍋,#LeanProductivity (https://www.notion.so/LeanProductivity-8380e1295dd4439a8846b9a898501e5c?pvs=21),,,No,,"April 19, 2023 8:49 AM",Sascha,🛑🛑🛑🛑🛑 Everything Below This Line Just Runs the Template 🛑🛑🛑🛑🛑,,"ProductivityMyths, ProductivityTips, ProductivityHacks, MythBusting, ProductivityMisconceptions, WorkSmarterNotHarder, TimeManagement, ProductivityMindset, EfficiencyHacks, ProductivityStrategies, MaximizeProductivity, ProductivityGoals, ProducitvityMistakes, ProductivityBoost, ProductivityMythBusters (https://www.notion.so/ProductivityMyths-ProductivityTips-ProductivityHacks-MythBusting-ProductivityMisconceptions-Wor-da1825392098493ba3e893dbcb4b1736?pvs=21), ProductivityMyths,ProductivityHacks,WorkSmart,TimeManagementTips,EfficiencyHacks,ProductivityMistakes,ProductivityStrategies,BoostProductivity,ProducitvityTips,TimeSavingTips,IncreaseProductivity,ProductivitySkills,ProductivityGoals,WorkLifeBalance,ProductivityTechniques,TimeManagementSkills,ProductivityChallenges,ProductivityImprovement,ProductivityRoutines,ProductivityTools,ProductivityPrinciples,ProductivityMythsDebunked,ProductivityMindset,ProductivityStruggles,ProactiveProductivity,ProductivityHacksThatWork,OvercomingProductivityMyths,ProductivityTipsAndTricks,ProductivityBestPractices,ProductivityMythsBusted (https://www.notion.so/ProductivityMyths-ProductivityHacks-WorkSmart-TimeManagementTips-EfficiencyHacks-ProductivityMistake-661c5f85f99545388dc675aea3b0315e?pvs=21), stop believing, myths, productivity, destroy, LSI keyword, productivity myths, stop believing myths, productivity tips, productivity hacks, debunking myths, time management, work-life balance, productivity techniques, productivity strategies, time-saving hacks, productivity mindset, debunking productivity myths, productivity misconceptions, time management myths, work-life balance myths, productivity tips and tricks, productivity hacks for success, debunking time management myths, productivity mindset myths, time-saving hacks for productivity, work-life balance misconceptions, productivity strategies for success, debunking productivity misconceptions, time management tips, work-life balance strategies, productivity myths debunked, time management misconceptions. (https://www.notion.so/stop-believing-myths-productivity-destroy-LSI-keyword-productivity-myths-stop-believing-myths--4264519f04e04a0fbf294bfbefa1569a?pvs=21)",,,No,,No,"https://www.notion.so/ab0c8fba4e744fe4bd3913b590e7de18,https://www.notion.so/ab0c8fba4e744fe4bd3913b590e7de18,https://www.notion.so/ab0c8fba4e744fe4bd3913b590e7de18",,,,,⌚️ On Time,16,"Untitled (https://www.notion.so/5a800eb9c0a14f3987d6e15e260a9007?pvs=21), Productivity Myths (https://www.notion.so/Productivity-Myths-55d0d95adb534ab59db0e0417102e45a?pvs=21), Productivity Myths to be busted (https://www.notion.so/Productivity-Myths-to-be-busted-8daa9c7d282645b49e72aa8e50c85485?pvs=21)",0,No,,,,"July 31, 2023",⛔️ Not Sponsored,,"LinkedIn, Twitter, YouTube",,,22/05/2023,,,No,STOP believing these 8 stubborn MYTHS that destroy YOUR PRODUCTIVITY!,Yes,,,"August 24, 2023 12:36 PM",,,,,,,✅ Completed,,Productivity,"Define title (https://www.notion.so/Define-title-fef73ecc844a4f03807be9d4d498d57a?pvs=21), Create thumbnail (https://www.notion.so/Create-thumbnail-07cb5a6011bb47028a404946fd708121?pvs=21), Write script (https://www.notion.so/Write-script-ff13691a457041ca9fefcca49e1e51b1?pvs=21), Review script (https://www.notion.so/Review-script-8076c487c5ce47e5a0cb05ba036cbb33?pvs=21), Film video (https://www.notion.so/Film-video-9fc23ed5ef74493fa59ede4d8b968ad2?pvs=21), Edit video (https://www.notion.so/Edit-video-c5fe7dd3786c45f8b24795f12d68b35d?pvs=21), Publish video (https://www.notion.so/Publish-video-e63a3f16ea754f7fad0199c226bc216a?pvs=21), Generate and add subtitles (https://www.notion.so/Generate-and-add-subtitles-3b944916c1c5411ea36183dfcb3287df?pvs=21), Write Blog Post (https://www.notion.so/Write-Blog-Post-68362b9e38da4e34a2a749afe992659c?pvs=21), Create Infographic (https://www.notion.so/Create-Infographic-47077dcadad641a48037e3a0d864fc6c?pvs=21), Share on social media (Twitter, Substack, Pinterest, Facebook, LinkedIn, Website) (https://www.notion.so/Share-on-social-media-Twitter-Substack-Pinterest-Facebook-LinkedIn-Website-9dc7e6603f7e47dab0a4d35eb85f85d7?pvs=21)",,Video,https://youtu.be/ge7DDN969w8,,,
10 Simple Excel Shortcuts to Actually Improve Your Workflow,🍋,#LeanProductivity (https://www.notion.so/LeanProductivity-8380e1295dd4439a8846b9a898501e5c?pvs=21),,,No,,"March 31, 2023 4:21 PM",Sascha,🛑🛑🛑🛑🛑 Everything Below This Line Just Runs the Template 🛑🛑🛑🛑🛑,,microsoft excel keyboard shortcuts (https://www.notion.so/microsoft-excel-keyboard-shortcuts-5faca189597d4cdcbc6c7cff96d5a5f3?pvs=21),,,No,,No,https://www.notion.so/5c6127b4c9e540e0be38439aaf006fce,,,,,⌚️ On Time,15,Content Hooks (https://www.notion.so/Content-Hooks-92cb0a4012de4d03b35849976b82f265?pvs=21),0,No,,,,"June 30, 2023",⛔️ Not Sponsored,,"Blog, Facebook, Instagram, LinkedIn, Pinterest, Twitter, YouTube",,,04/04/2023,,,No,10 Simple Excel Shortcuts to Actually Improve Your Workflow,Yes,,,"August 24, 2023 12:36 PM",,,,,,,✅ Completed,,,"Define title (https://www.notion.so/Define-title-be0cb79a05d34911b4a2f41568fe2218?pvs=21), Create thumbnail (https://www.notion.so/Create-thumbnail-a6695f4af3fe47f29f3082023e7f5eaf?pvs=21), Write script (https://www.notion.so/Write-script-8b86cccd53f34700a4f486f12972d9bf?pvs=21), Review script (https://www.notion.so/Review-script-037bb3ffb396405eb13a69633adf535e?pvs=21), Film video (https://www.notion.so/Film-video-c9656a4c59d44375818d39304508500f?pvs=21), Edit video (https://www.notion.so/Edit-video-afcbfa6e84bd411985d4135d5b1ed1a1?pvs=21), Publish video (https://www.notion.so/Publish-video-8ad01597844542babcdb487c5efb4a31?pvs=21), Share on social media (Twitter, Substack, Pinterest, Facebook, LinkedIn, Website) (https://www.notion.so/Share-on-social-media-Twitter-Substack-Pinterest-Facebook-LinkedIn-Website-4963bc4c6f934f9baa92f9a7fee6e99f?pvs=21)",,Video,https://youtu.be/ZsLqKyoXD3I,,,
My favorite 10 Windows Keyboard Shortcuts to BOOST your Productivity,🍋,#LeanProductivity (https://www.notion.so/LeanProductivity-8380e1295dd4439a8846b9a898501e5c?pvs=21),,,No,,"February 28, 2023 12:22 PM",Sascha,🛑🛑🛑🛑🛑 Everything Below This Line Just Runs the Template 🛑🛑🛑🛑🛑,,Windows Keyboard Shortcuts Productivity (https://www.notion.so/Windows-Keyboard-Shortcuts-Productivity-0c1e039cb40342fb9f9fbfd868766758?pvs=21),,,No,,No,https://www.notion.so/9db542b0279a49a1963a724eb4881be6,,,,,⌚️ On Time,14,Keyboard shortcuts in Windows (https://www.notion.so/Keyboard-shortcuts-in-Windows-103780c6ea4c445bbffa2808becb1c11?pvs=21),0,No,,,,"May 31, 2023",⛔️ Not Sponsored,,"Blog, Facebook, Instagram, LinkedIn, Pinterest, Twitter, YouTube",,,27/03/2023,,,No,My favorite 10 Windows Keyboard Shortcuts to BOOST your Productivity,Yes,,,"August 24, 2023 12:35 PM",,,,,,,✅ Completed,,,"Define title (https://www.notion.so/Define-title-bff964898e364c2ab100af9c408d2389?pvs=21), Create thumbnail (https://www.notion.so/Create-thumbnail-c576ce05c6c84395a266873f8bb101b3?pvs=21), Write script (https://www.notion.so/Write-script-d30db6cf33504b998dec5da92a58f802?pvs=21), Review script (https://www.notion.so/Review-script-40f625598d83453d813e79504a916d28?pvs=21), Film video (https://www.notion.so/Film-video-682c7bd78154436ba5cbed94826635e0?pvs=21), Edit video (https://www.notion.so/Edit-video-6c0afbb627f7493ebf600606fc03c53d?pvs=21), Publish video (https://www.notion.so/Publish-video-7697d9fa287a4845870eeaad90ac6eb9?pvs=21), Share on social media (Twitter, Substack, Pinterest, Facebook, LinkedIn, Website) (https://www.notion.so/Share-on-social-media-Twitter-Substack-Pinterest-Facebook-LinkedIn-Website-729c69c0f7b7463fa8c50eff4c40a130?pvs=21)",,Video,https://youtu.be/vLYhU3hiie0,,,
Top 10 Tips for Professional Online Workshops with FREE Software,🍋,#LeanProductivity (https://www.notion.so/LeanProductivity-8380e1295dd4439a8846b9a898501e5c?pvs=21),,,No,,"January 30, 2023 12:49 PM",Sascha,🛑🛑🛑🛑🛑 Everything Below This Line Just Runs the Template 🛑🛑🛑🛑🛑,,,,,No,,No,,,,,,⌚️ On Time,13,,0,No,,,,"April 30, 2023",⛔️ Not Sponsored,,"Facebook, Instagram, LinkedIn, Twitter, YouTube",,,23/02/2023,,,No,Top 10 Tips for Professional Online Workshops with FREE Software,Yes,,,"August 24, 2023 12:35 PM",,,,,,,✅ Completed,,,"Define title (https://www.notion.so/Define-title-f87ad12ae2664e38a07e6099ca676bb1?pvs=21), Create thumbnail (https://www.notion.so/Create-thumbnail-c579ef25dbee4cf8b6675796ccd625d2?pvs=21), Write script (https://www.notion.so/Write-script-2011a8a4f0644ff7aa6ed7ffa70cec0c?pvs=21), Review script (https://www.notion.so/Review-script-2935b4e991a8470d9f7301bc029c4030?pvs=21), Film video (https://www.notion.so/Film-video-ec6b9eb8b2c84ca3b9bfca37cb705def?pvs=21), Edit video (https://www.notion.so/Edit-video-9d05c713d4d94436b93cb27b7f39f43e?pvs=21), Publish video (https://www.notion.so/Publish-video-4a8c81c1ea26411580fbe4a9cb621804?pvs=21), Share on social media (Twitter, Substack, Pinterest, Facebook, LinkedIn, Website) (https://www.notion.so/Share-on-social-media-Twitter-Substack-Pinterest-Facebook-LinkedIn-Website-a0946bb038704289baf2b6ea197d72b1?pvs=21)",,Video,https://youtu.be/j4omgLcrziM,,,
How to Unleash the Power of AI for Stunning Video Scripting and Editing,🍋,#LeanProductivity (https://www.notion.so/LeanProductivity-8380e1295dd4439a8846b9a898501e5c?pvs=21),,,No,,"January 24, 2023 7:12 PM",Sascha,🛑🛑🛑🛑🛑 Everything Below This Line Just Runs the Template 🛑🛑🛑🛑🛑,,,,,No,,No,,,,,,⌚️ On Time,12,,0,No,,,,"March 31, 2023",⛔️ Not Sponsored,,"Facebook, Instagram, LinkedIn, Twitter, YouTube",,,25/01/2023,,,No,How to Unleash the Power of AI for Stunning Video Scripting and Editing,Yes,,,"August 24, 2023 12:35 PM",,,,,,,✅ Completed,,,"Define title (https://www.notion.so/Define-title-62b6a3505a4e4eb8a60d324a185306e9?pvs=21), Create thumbnail (https://www.notion.so/Create-thumbnail-fd21f78bfcb344d381094446411aa0ad?pvs=21), Write script (https://www.notion.so/Write-script-3f5719aeac18427da130f9089d40dc9f?pvs=21), Review script (https://www.notion.so/Review-script-13cab570e9424dc3a672f72baa44f4d7?pvs=21), Film video (https://www.notion.so/Film-video-254ba4ff104540f9a40c1f3814b0d96e?pvs=21), Edit video (https://www.notion.so/Edit-video-3d3f8394d1af45ec870bc5b832ad1434?pvs=21), Publish video (https://www.notion.so/Publish-video-00fe1a65a14646299a2be089ebe5902a?pvs=21), Share on social media (Twitter, Substack, Pinterest, Facebook, LinkedIn, Website) (https://www.notion.so/Share-on-social-media-Twitter-Substack-Pinterest-Facebook-LinkedIn-Website-19ca9ad48e55478895a06a61276e6179?pvs=21)",,Video,https://youtu.be/yCRT1Wsd_Ak,,,
Tips and Tools to build a SUPER PRODUCTIVE Content Creation Workflow,🍋,#LeanProductivity (https://www.notion.so/LeanProductivity-8380e1295dd4439a8846b9a898501e5c?pvs=21),,,No,,"December 28, 2022 8:47 AM",Sascha,🛑🛑🛑🛑🛑 Everything Below This Line Just Runs the Template 🛑🛑🛑🛑🛑,,productivity for content creators (https://www.notion.so/productivity-for-content-creators-422998770de94b5cbad3584b653d9373?pvs=21),,,No,,No,https://www.notion.so/7ad014c930cf41b7b5bd4c1521b3fe47,,,,,⌚️ On Time,11,,0,No,,,,"March 31, 2023",⛔️ Not Sponsored,,"LinkedIn, Twitter, YouTube",,,11/01/2023,,,No,Tips and Tools to build a SUPER PRODUCTIVE Content Creation Workflow,Yes,,,"August 24, 2023 12:35 PM",,,,,,,✅ Completed,,,"Define title (https://www.notion.so/Define-title-360ca547dd67483087c15dce43ddb4ea?pvs=21), Create thumbnail (https://www.notion.so/Create-thumbnail-f47a1bf43abf4c33bcf37d4e5be7b554?pvs=21), Write script (https://www.notion.so/Write-script-1ef5cfa27b05447da8328cfa2978b444?pvs=21), Review script (https://www.notion.so/Review-script-47880870fa1b4cdf8bc772b8852131d4?pvs=21), Film video (https://www.notion.so/Film-video-5d9cf4b26f444bd6affb8379a0307868?pvs=21), Edit video (https://www.notion.so/Edit-video-679675c0b6a14df6bacb69d34607de4a?pvs=21), Publish video (https://www.notion.so/Publish-video-cfde4652ab8340fe98b5b081ec23a669?pvs=21), Share on social media (Twitter, Substack, Pinterest, Facebook, LinkedIn, Website) (https://www.notion.so/Share-on-social-media-Twitter-Substack-Pinterest-Facebook-LinkedIn-Website-3e139d20a72e4dc0ba502cfe29bbfef2?pvs=21), Create .srt file (https://www.notion.so/Create-srt-file-582c9e67ef554e3ebcd0ae4109744d3a?pvs=21)",,Video,https://youtu.be/UxHwKOdbhJY,,,
I CHECKED these TOP 6 Prioritization methods - so YOU don’t have to,🍋,#LeanProductivity (https://www.notion.so/LeanProductivity-8380e1295dd4439a8846b9a898501e5c?pvs=21),,,No,,"November 23, 2022 10:17 AM",Sascha,🛑🛑🛑🛑🛑 Everything Below This Line Just Runs the Template 🛑🛑🛑🛑🛑,,"Top 6 Prioritization Methods (https://www.notion.so/Top-6-Prioritization-Methods-71f7a3793ea04af89f22175056cbba7d?pvs=21), Untitled (https://www.notion.so/c08872aa312743c2a5b353c870adeb49?pvs=21), Untitled (https://www.notion.so/dee7cbc4a2484d1bbf79b90ff1b1a010?pvs=21), Untitled (https://www.notion.so/a964ea0a9a5f4542bd47f68b7858bb96?pvs=21), Untitled (https://www.notion.so/79acdf92533d40f38657aef138472136?pvs=21)",,,No,,No,https://www.notion.so/0268fb8340454938a5d902b6e72d2baa,,,,,⌚️ On Time,10,,0,No,,,,"January 31, 2023",⛔️ Not Sponsored,,"Blog, Instagram, LinkedIn, Pinterest, Twitter, YouTube",,,29/11/2022,,,No,I CHECKED these TOP 6 Prioritization methods - so YOU don’t have to,Yes,,,"August 24, 2023 12:35 PM",,,,,,,✅ Completed,,,"Define title (https://www.notion.so/Define-title-349cbd3878ce4fd2a5595708593ba1b4?pvs=21), Create thumbnail (https://www.notion.so/Create-thumbnail-20170412f36844eab332ec14c6221513?pvs=21), Write script (https://www.notion.so/Write-script-d3569783038e492a8650a99c770e8988?pvs=21), Review script (https://www.notion.so/Review-script-e8a78748041b46a58db60881189d8086?pvs=21), Film video (https://www.notion.so/Film-video-6adde25a7ed7488e9895199a4fc068b1?pvs=21), Edit video (https://www.notion.so/Edit-video-3148811cabf74064ae359e3beb8568b7?pvs=21), Publish video (https://www.notion.so/Publish-video-c96da881e12b4a9da5a9c833ed5bc24f?pvs=21), Share on social media (Twitter, Substack, Pinterest, Facebook, LinkedIn, Website) (https://www.notion.so/Share-on-social-media-Twitter-Substack-Pinterest-Facebook-LinkedIn-Website-38801ce345864eaf981310d2eb8fa5cb?pvs=21)",,Video,https://youtu.be/zA2Lvw0jhmI,,,
4 More Free AND Better Everyday Apps for Windows,🍋,#LeanProductivity (https://www.notion.so/LeanProductivity-8380e1295dd4439a8846b9a898501e5c?pvs=21),,,No,,"October 11, 2022 2:28 PM",Sascha,🛑🛑🛑🛑🛑 Everything Below This Line Just Runs the Template 🛑🛑🛑🛑🛑,,best free windows apps (https://www.notion.so/best-free-windows-apps-84fc7a7f884e46b8a032d9dbbeeffbb5?pvs=21),,,No,,No,"https://www.notion.so/48f3244021d746b490ba5b0efb07f460, https://www.notion.so/af57874cc1ed450f9f2534e2ce4c01c5",,,,,⌚️ On Time,9,,0,No,,,,"December 31, 2022",⛔️ Not Sponsored,,"Blog, Facebook, Instagram, LinkedIn, Twitter, YouTube",,,18/10/2022,,,No,4 More Free AND Better Everyday Apps for Windows,Yes,,,"August 24, 2023 12:35 PM",,,,,,,✅ Completed,,,"Define title (https://www.notion.so/Define-title-9ce13eecc46145af8eb90d573d8d2ce2?pvs=21), Create thumbnail (https://www.notion.so/Create-thumbnail-5f45f13d5ac14b3490130b9c1437baff?pvs=21), Write script (https://www.notion.so/Write-script-ec896359886f4969b7a66ce8064229a9?pvs=21), Review script (https://www.notion.so/Review-script-f2b83eac1a434e6f9c2f8167dba89c4b?pvs=21), Film video (https://www.notion.so/Film-video-708b7d2a212d455d80e43f0e3c870416?pvs=21), Edit video (https://www.notion.so/Edit-video-13bee122379540daaf3518f4d8c54353?pvs=21), Publish video (https://www.notion.so/Publish-video-f107ea588f524a2d990bb1a80bdd2abf?pvs=21), Share on social media (Twitter, Substack, Pinterest, Facebook, LinkedIn, Website) (https://www.notion.so/Share-on-social-media-Twitter-Substack-Pinterest-Facebook-LinkedIn-Website-12b5a44230164f2fabbe12e0313f5cc5?pvs=21)",,Video,https://youtu.be/y3dZpOYV2d4,,,
How to achieve maximum productivity on minimum space,⭐⭐⭐⭐⭐,#LeanProductivity (https://www.notion.so/LeanProductivity-8380e1295dd4439a8846b9a898501e5c?pvs=21),,,No,,"July 21, 2022 10:49 AM",Sascha,🛑🛑🛑🛑🛑 Everything Below This Line Just Runs the Template 🛑🛑🛑🛑🛑,Sascha,Productivity Keywords (https://www.notion.so/Productivity-Keywords-321823684f7f42879a05b98af233aaab?pvs=21),,,No,HIGH,No,https://www.notion.so/b433ded194364a298335ae3b28c0f661,,,,,⌚️ On Time,1,,0,No,,,,"September 30, 2022",⛔️ Not Sponsored,,"Blog, Facebook, Instagram, LinkedIn, Twitter, YouTube",,,17/07/2022,,,No,How to achieve maximum productivity on minimum space,Yes,,,"August 15, 2023 2:36 PM",Medium,,,,,,✅ Completed,,Productivity,,HIGH,Video,https://youtu.be/v_dwjNFiHJo,,🙂 Good,Sascha
How to get syntax highlighting and auto-complete for DAX in Notepad++,⭐⭐⭐⭐⭐,#LeanProductivity (https://www.notion.so/LeanProductivity-8380e1295dd4439a8846b9a898501e5c?pvs=21),,,No,,"July 21, 2022 10:54 AM",Sascha,🛑🛑🛑🛑🛑 Everything Below This Line Just Runs the Template 🛑🛑🛑🛑🛑,Sascha,,,,No,HIGH,No,,,,,,⌚️ On Time,2,,0,No,,,,"September 30, 2022",⛔️ Not Sponsored,,"Blog, LinkedIn, Twitter, YouTube",,,20/07/2022,,,No,How to get syntax highlighting and auto-complete for DAX in Notepad++,Yes,,,"August 15, 2023 2:36 PM",HIGH,,,,,,✅ Completed,,Tutorial,,HIGH,Video,https://youtu.be/hEQ3BeJv324,,🙂 Good,Sascha
Obsidian templates for business notes,🍋,Digital Products (https://www.notion.so/Digital-Products-23dede1e6a9e4b9eb33caca3aef55a54?pvs=21),,,No,,"August 14, 2023 6:19 PM",Sascha,🛑🛑🛑🛑🛑 Everything Below This Line Just Runs the Template 🛑🛑🛑🛑🛑,,,,,No,,Yes,,,,,,⌚️ On Time,,,0,No,,,,,⛔️ Not Sponsored,,,,,,,,No,Obsidian templates for business notes,Yes,,,"August 14, 2023 6:19 PM",,,,,,,🧠 Planned,,Productivity,,,Downloadable,,,,
Unlocking Your Creative Flow: Techniques for Enhanced Productivity,🍋,SDK Twitter (https://www.notion.so/SDK-Twitter-6edc296b4bfb411eb78fdb5b385c8683?pvs=21),,,No,,"July 24, 2023 11:14 AM",Sascha,🛑🛑🛑🛑🛑 Everything Below This Line Just Runs the Template 🛑🛑🛑🛑🛑,,,,,No,,No,,,,,,⌚️ On Time,,,0,No,,,,"September 30, 2023",⛔️ Not Sponsored,,"Facebook, Instagram, LinkedIn, Twitter",,,24/07/2023,,,No,Unlocking Your Creative Flow: Techniques for Enhanced Productivity,Yes,,,"August 7, 2023 4:55 PM",,,,,,,✅ Completed,,Productivity,,,Twitter,https://twitter.com/skasper/status/1683431145273188352?s=20,,,
Mastering the Art of Delegation for Increased Productivity,🍋,SDK Twitter (https://www.notion.so/SDK-Twitter-6edc296b4bfb411eb78fdb5b385c8683?pvs=21),,,No,,"July 24, 2023 11:31 AM",Sascha,🛑🛑🛑🛑🛑 Everything Below This Line Just Runs the Template 🛑🛑🛑🛑🛑,,,,,No,,No,,,,,,⌚️ On Time,,,0,No,,,,"September 30, 2023",⛔️ Not Sponsored,,"Facebook, Instagram, LinkedIn, Twitter",,,25/07/2023,,,No,Mastering the Art of Delegation for Increased Productivity,Yes,,,"August 7, 2023 4:54 PM",,,,,,,✅ Completed,,Productivity,,,Twitter,https://twitter.com/skasper/status/1683734133565009920?s=20,,,
Targets vs Goals,🍋,SDK Twitter (https://www.notion.so/SDK-Twitter-6edc296b4bfb411eb78fdb5b385c8683?pvs=21),,,No,,"July 29, 2023 2:05 PM",Sascha,🛑🛑🛑🛑🛑 Everything Below This Line Just Runs the Template 🛑🛑🛑🛑🛑,,,,,No,,No,,,,,,⌚️ On Time,,,0,No,,,,"September 30, 2023",⛔️ Not Sponsored,,"Facebook, Instagram, Twitter",,,31/07/2023,,,No,Targets vs Goals,Yes,,,"August 7, 2023 4:52 PM",,,,,,,✅ Completed,,,,,Twitter,https://twitter.com/skasper/status/1685967862043648002?s=20,,,
Kripkean Dogmatism,🍋,SDK Twitter (https://www.notion.so/SDK-Twitter-6edc296b4bfb411eb78fdb5b385c8683?pvs=21),,,No,,"September 7, 2022 11:56 AM",Sascha,🛑🛑🛑🛑🛑 Everything Below This Line Just Runs the Template 🛑🛑🛑🛑🛑,,,,,No,,No,,,,,,⌚️ On Time,,,0,No,,,,"October 31, 2023",⛔️ Not Sponsored,,"Facebook, Instagram, LinkedIn, Twitter",,,01/08/2023,,,No,Kripkean Dogmatism,Yes,,,"August 7, 2023 4:50 PM",,,,,,,✅ Completed,,Tutorial,,,Twitter,https://twitter.com/skasper/status/1686270890852380672,,,
Boost Your Focus and Concentration with These Techniques,🍋,SDK Twitter (https://www.notion.so/SDK-Twitter-6edc296b4bfb411eb78fdb5b385c8683?pvs=21),,,No,,"August 3, 2023 9:55 AM",Sascha,🛑🛑🛑🛑🛑 Everything Below This Line Just Runs the Template 🛑🛑🛑🛑🛑,,,,,No,,No,,,,,,⌚️ On Time,,,0,No,,,,"October 31, 2023",⛔️ Not Sponsored,,"Facebook, Instagram, LinkedIn, Twitter",,,03/08/2023,,,No,Boost Your Focus and Concentration with These Techniques,Yes,,,"August 7, 2023 4:47 PM",,,,,,,✅ Completed,,,,,Twitter,https://twitter.com/skasper/status/1687026079632891904,,,
How to Combat Burnout and Maintain High Productivity,🍋,SDK Twitter (https://www.notion.so/SDK-Twitter-6edc296b4bfb411eb78fdb5b385c8683?pvs=21),,,No,,"August 3, 2023 10:03 AM",Sascha,🛑🛑🛑🛑🛑 Everything Below This Line Just Runs the Template 🛑🛑🛑🛑🛑,,,,,No,,No,,,,,,⌚️ On Time,,,0,No,,,,"October 31, 2023",⛔️ Not Sponsored,,"Facebook, Instagram, LinkedIn, Twitter",,,04/08/2023,,,No,How to Combat Burnout and Maintain High Productivity,Yes,,,"August 7, 2023 4:44 PM",,,,,,,✅ Completed,,,,,Twitter,https://twitter.com/skasper/status/1687359027896778752,,,
How to Optimize Your Digital Workspace for Efficiency,🍋,SDK Twitter (https://www.notion.so/SDK-Twitter-6edc296b4bfb411eb78fdb5b385c8683?pvs=21),,,No,,"August 3, 2023 5:12 PM",Sascha,🛑🛑🛑🛑🛑 Everything Below This Line Just Runs the Template 🛑🛑🛑🛑🛑,,,,,No,,No,,,,,,⌚️ On Time,,,0,No,,,,"October 31, 2023",⛔️ Not Sponsored,,"Facebook, Instagram, LinkedIn, Twitter",,,04/08/2023,,,No,How to Optimize Your Digital Workspace for Efficiency,Yes,,,"August 7, 2023 4:42 PM",,,,,,,✅ Completed,,,,,Twitter,https://twitter.com/skasper/status/1687417166763626496,,,
WFH Tips,🍋,SDK Twitter (https://www.notion.so/SDK-Twitter-6edc296b4bfb411eb78fdb5b385c8683?pvs=21),,,No,,"August 6, 2023 1:05 PM",Sascha,🛑🛑🛑🛑🛑 Everything Below This Line Just Runs the Template 🛑🛑🛑🛑🛑,,,,,No,,No,,,,,,⌚️ On Time,,,0,No,,,,"October 31, 2023",⛔️ Not Sponsored,,"Facebook, Instagram, LinkedIn, Twitter",,,07/08/2023,,,No,WFH Tips,Yes,,,"August 7, 2023 4:39 PM",,,,,,,✅ Completed,,,,,Twitter,https://twitter.com/skasper/status/1688444463134224384,,,
Cornell Notes Template Word,🍋,Digital Products (https://www.notion.so/Digital-Products-23dede1e6a9e4b9eb33caca3aef55a54?pvs=21),,,No,,"August 7, 2023 4:03 PM",Sascha,🛑🛑🛑🛑🛑 Everything Below This Line Just Runs the Template 🛑🛑🛑🛑🛑,,,,,No,,No,,,,,"August 6, 2023",⌚️ On Time,6,,0,No,,,,"October 31, 2023",⛔️ Not Sponsored,,"Gumroad, Ko-Fi",,,06/08/2023,,,No,Cornell Notes Template Word,Yes,,,"August 7, 2023 4:09 PM",,,,,,,✅ Completed,,,,,Downloadable,https://store.sascha-kasper.com/l/cornellword,,,
RICE Template,🍋,Digital Products (https://www.notion.so/Digital-Products-23dede1e6a9e4b9eb33caca3aef55a54?pvs=21),,,No,,"January 5, 2023 11:14 AM",Sascha,🛑🛑🛑🛑🛑 Everything Below This Line Just Runs the Template 🛑🛑🛑🛑🛑,,,,,No,,No,,,,,"January 27, 2023",⌚️ On Time,5,,0,No,,,,"March 31, 2023",⛔️ Not Sponsored,,Ko-Fi,,,27/01/2023,,,No,RICE Template,Yes,,,"August 7, 2023 4:09 PM",,,,,,,✅ Completed,,,,,Downloadable,http://store.sascha-kasper.com/l/rice,,,
Workshop Feedback Template,🍋,Digital Products (https://www.notion.so/Digital-Products-23dede1e6a9e4b9eb33caca3aef55a54?pvs=21),,,No,,"July 6, 2023 12:25 PM",Sascha,🛑🛑🛑🛑🛑 Everything Below This Line Just Runs the Template 🛑🛑🛑🛑🛑,,,,,No,,No,,,,,"July 6, 2023",⌚️ On Time,4,,0,No,,,,"September 30, 2023",⛔️ Not Sponsored,,Ko-Fi,,,06/07/2023,,,No,Workshop Feedback Template,Yes,,,"August 7, 2023 4:09 PM",,,,,,,✅ Completed,,,,,Downloadable,http://store.sascha-kasper.com/l/fbquestions,,,
DAX & PowerQuery Bundle,🍋,Digital Products (https://www.notion.so/Digital-Products-23dede1e6a9e4b9eb33caca3aef55a54?pvs=21),,,No,,"August 7, 2023 4:06 PM",Sascha,🛑🛑🛑🛑🛑 Everything Below This Line Just Runs the Template 🛑🛑🛑🛑🛑,,,,,No,,No,,,,,"August 1, 2023",⌚️ On Time,3,,0,No,,,,"October 31, 2023",⛔️ Not Sponsored,,,,,05/08/2023,,,No,DAX & PowerQuery Bundle,Yes,,,"August 7, 2023 4:09 PM",,,,,,,✅ Completed,,,,,Downloadable,http://store.sascha-kasper.com/l/nppbundle,,,
PowerQuery Syntax Highlighting,🍋,Digital Products (https://www.notion.so/Digital-Products-23dede1e6a9e4b9eb33caca3aef55a54?pvs=21),,,No,,"August 7, 2023 4:06 PM",Sascha,🛑🛑🛑🛑🛑 Everything Below This Line Just Runs the Template 🛑🛑🛑🛑🛑,,,,,No,,No,,,,,"June 14, 2023",⌚️ On Time,2,,0,No,,,,"October 31, 2022",⛔️ Not Sponsored,,,,,07/08/2022,,,No,PowerQuery Syntax Highlighting,Yes,,,"August 7, 2023 4:09 PM",,,,,,,✅ Completed,,,,,Downloadable,http://store.sascha-kasper.com/l/npppq,,,
DAX Syntax Highlighting,🍋,Digital Products (https://www.notion.so/Digital-Products-23dede1e6a9e4b9eb33caca3aef55a54?pvs=21),,,No,,"July 6, 2023 12:25 PM",Sascha,🛑🛑🛑🛑🛑 Everything Below This Line Just Runs the Template 🛑🛑🛑🛑🛑,,,,,No,,No,,,,,"June 14, 2023",⌚️ On Time,1,,0,No,,,,"October 31, 2022",⛔️ Not Sponsored,,,,,07/08/2022,,,No,DAX Syntax Highlighting,Yes,,,"August 7, 2023 4:08 PM",,,,,,,✅ Completed,,,,,Downloadable,http://store.sascha-kasper.com/l/nppdax,,,
How to overcome procrastination,🍋,SDK Twitter (https://www.notion.so/SDK-Twitter-6edc296b4bfb411eb78fdb5b385c8683?pvs=21),,,No,,"April 25, 2023 9:51 AM",Sascha,🛑🛑🛑🛑🛑 Everything Below This Line Just Runs the Template 🛑🛑🛑🛑🛑,,,,,No,,No,,,,,,⌚️ On Time,,,0,No,,,,"September 30, 2023",⛔️ Not Sponsored,,"Facebook, Instagram, Twitter",,,10/07/2023,,,No,How to overcome procrastination,Yes,,,"August 7, 2023 12:26 PM",,,,,,,✅ Completed,,Productivity,,,Twitter,,,,
How to set goals and what’s the difference to targets,🍋,#LeanProductivity (https://www.notion.so/LeanProductivity-8380e1295dd4439a8846b9a898501e5c?pvs=21),,,No,,"August 4, 2023 11:04 AM",Sascha,🛑🛑🛑🛑🛑 Everything Below This Line Just Runs the Template 🛑🛑🛑🛑🛑,,,,,No,,Yes,,,,,,⌚️ On Time,999,Research Goal Setting (https://www.notion.so/Research-Goal-Setting-c9935a964be64afcb4a40e2f6dcbc8eb?pvs=21),0,No,,,,,⛔️ Not Sponsored,,,,,,,,No,How to set goals and what’s the difference to targets,Yes,,,"August 4, 2023 11:05 AM",,,,,,,🧠 Planned,,,,,Video,,,,
Amp up your downtime,🍋,SDK Twitter (https://www.notion.so/SDK-Twitter-6edc296b4bfb411eb78fdb5b385c8683?pvs=21),,,No,,"April 20, 2023 2:52 PM",Sascha,🛑🛑🛑🛑🛑 Everything Below This Line Just Runs the Template 🛑🛑🛑🛑🛑,,,,,No,,No,,,,,,⌚️ On Time,,,0,No,,,,"September 30, 2023",⛔️ Not Sponsored,,"Facebook, Instagram, LinkedIn, Twitter",,,06/07/2023,,,No,Amp up your downtime,Yes,,,"July 31, 2023 9:13 AM",,,,,,,✅ Completed,,Productivity,,,Twitter,https://twitter.com/skasper/status/1683432903735164928?s=20,,,
Review of “Take Command”,🍋,SDK Blog (https://www.notion.so/SDK-Blog-5ad06f2c31ee4dd89ea378154c217055?pvs=21),,,No,,"July 29, 2023 2:49 PM",Sascha,🛑🛑🛑🛑🛑 Everything Below This Line Just Runs the Template 🛑🛑🛑🛑🛑,,,,,No,,Yes,,,,,,⌚️ On Time,,,0,No,,,,,⛔️ Not Sponsored,,Blog,,,,,,No,Review of “Take Command”,Yes,,,"July 29, 2023 3:07 PM",,,,,,,✏️ Writing,,,,,Blog,,,,
Famous expressions coined by Shakespeare,🍋,SDK Twitter (https://www.notion.so/SDK-Twitter-6edc296b4bfb411eb78fdb5b385c8683?pvs=21),,,No,,"July 29, 2023 1:07 PM",Sascha,🛑🛑🛑🛑🛑 Everything Below This Line Just Runs the Template 🛑🛑🛑🛑🛑,,,,,No,,No,,,,,,⌚️ On Time,,,0,No,,,,"September 30, 2023",⛔️ Not Sponsored,,"Facebook, Instagram, Twitter",,,30/07/2023,,,No,Famous expressions coined by Shakespeare,Yes,,,"July 29, 2023 1:17 PM",,,,,,,✅ Completed,,,,,Twitter,,,,
How to Create a Productive Morning Routine,🍋,SDK Twitter (https://www.notion.so/SDK-Twitter-6edc296b4bfb411eb78fdb5b385c8683?pvs=21),,,No,,"July 6, 2023 3:39 PM",Sascha,🛑🛑🛑🛑🛑 Everything Below This Line Just Runs the Template 🛑🛑🛑🛑🛑,,,,,No,,No,,,,,,⌚️ On Time,,,0,No,,,,"September 30, 2023",⛔️ Not Sponsored,,"Facebook, Instagram, Twitter",,,13/07/2023,,,No,How to Create a Productive Morning Routine,Yes,,,"July 28, 2023 4:36 PM",,,,,,,✅ Completed,,,,,Twitter,,,,
"How to boost your typing with the amzaing, free Espanso text expander",🍋,#LeanProductivity (https://www.notion.so/LeanProductivity-8380e1295dd4439a8846b9a898501e5c?pvs=21),"Untitled (https://www.notion.so/24c554133f2b4ca69a078a568c7e258c?pvs=21), Untitled (https://www.notion.so/98b503f005314db787ef24e1219a513b?pvs=21), Untitled (https://www.notion.so/9398f3fca611448caf9eda52fc9e1e8a?pvs=21)",,No,,"July 22, 2022 12:04 PM",Sascha,🛑🛑🛑🛑🛑 Everything Below This Line Just Runs the Template 🛑🛑🛑🛑🛑,Sascha,free text expander (https://www.notion.so/free-text-expander-f4d61670b1f7444badd84fef3b4c32b3?pvs=21),,,No,Medium,No,https://www.notion.so/817960b0d17f4f79915cdf2ae6becf8b,,,,,⌚️ On Time,3,,0,No,,,,"September 30, 2022",⛔️ Not Sponsored,,"Facebook, Instagram, LinkedIn, Twitter, YouTube",🏁 ASAP,,26/07/2022,,,No,"How to boost your typing with the amzaing, free Espanso text expander",Yes,,,"July 28, 2023 2:54 PM",Low,,,,,,✅ Completed,,Tools,"Define title (https://www.notion.so/Define-title-89b372c5c8bd48d1b05f8db110c24fc3?pvs=21), Create thumbnail (https://www.notion.so/Create-thumbnail-dfbb97fbf43740e188a9b9e1e819d5d4?pvs=21), Write script (https://www.notion.so/Write-script-31b634a63fc94748ac29f8c993c04604?pvs=21), Review script (https://www.notion.so/Review-script-9b8bb408e04748c18ff8959eb45a56e0?pvs=21), Film video (https://www.notion.so/Film-video-953208c7d3e9487cba22d36ed84c0119?pvs=21), Edit video (https://www.notion.so/Edit-video-e509f247080f4adb92596e9cf4534355?pvs=21), Publish video (https://www.notion.so/Publish-video-9952f149527c47798419f5ea2921a395?pvs=21), Share on social media (Twitter, Substack, Pinterest, Facebook, LinkedIn, Website) (https://www.notion.so/Share-on-social-media-Twitter-Substack-Pinterest-Facebook-LinkedIn-Website-8e0af3be46b949fa88f3c92d62671328?pvs=21)",Medium,Video,https://youtu.be/4XwIyRv4Dzc,,😔 Poor,Sascha
Mastering Email Management for Optimal Productivity,🍋,SDK Twitter (https://www.notion.so/SDK-Twitter-6edc296b4bfb411eb78fdb5b385c8683?pvs=21),,,No,,"July 7, 2023 10:56 AM",Sascha,🛑🛑🛑🛑🛑 Everything Below This Line Just Runs the Template 🛑🛑🛑🛑🛑,,,,,No,,No,,,,,,⌚️ On Time,,,0,No,,,,"September 30, 2023",⛔️ Not Sponsored,,"Facebook, Instagram, Twitter",,,14/07/2023,,,No,Mastering Email Management for Optimal Productivity,Yes,,,"July 24, 2023 1:21 PM",,,,,,,✅ Completed,,Productivity,,,Twitter,https://twitter.com/skasper/status/1679807011565830144?s=20,,,
Mastering Task Prioritization,🍋,SDK Twitter (https://www.notion.so/SDK-Twitter-6edc296b4bfb411eb78fdb5b385c8683?pvs=21),,,No,,"July 7, 2023 1:27 PM",Sascha,🛑🛑🛑🛑🛑 Everything Below This Line Just Runs the Template 🛑🛑🛑🛑🛑,,,,,No,,No,,,,,,⌚️ On Time,,,0,No,,,,"September 30, 2023",⛔️ Not Sponsored,,"Facebook, Instagram, LinkedIn, Twitter",,,17/07/2023,,,No,Mastering Task Prioritization,Yes,,,"July 24, 2023 1:16 PM",,,,,,,✅ Completed,,Productivity,,,Twitter,https://twitter.com/skasper/status/1680834299870736390?s=20,,,
Top 5 Strategies for Beating Procrastination,🍋,SDK Twitter (https://www.notion.so/SDK-Twitter-6edc296b4bfb411eb78fdb5b385c8683?pvs=21),,,No,,"July 7, 2023 2:46 PM",Sascha,🛑🛑🛑🛑🛑 Everything Below This Line Just Runs the Template 🛑🛑🛑🛑🛑,,,,,No,,No,,,,,,⌚️ On Time,,,0,No,,,,"September 30, 2023",⛔️ Not Sponsored,,"Facebook, Instagram, LinkedIn, Twitter",,,18/07/2023,,,No,Top 5 Strategies for Beating Procrastination,Yes,,,"July 24, 2023 1:04 PM",,,,,,,✅ Completed,,Productivity,,,Twitter,https://twitter.com/skasper/status/1681197461367291905?s=20,,,
"The Art of Saying ""No"": Setting Boundaries for Productivity",🍋,SDK Twitter (https://www.notion.so/SDK-Twitter-6edc296b4bfb411eb78fdb5b385c8683?pvs=21),,,No,,"July 17, 2023 4:14 PM",Sascha,🛑🛑🛑🛑🛑 Everything Below This Line Just Runs the Template 🛑🛑🛑🛑🛑,,,,,No,,No,,,,,,⌚️ On Time,,,0,No,,,,"September 30, 2023",⛔️ Not Sponsored,,"Facebook, Instagram, LinkedIn, Twitter",,,19/07/2023,,,No,"The Art of Saying ""No"": Setting Boundaries for Productivity",Yes,,,"July 24, 2023 1:01 PM",,,,,,,✅ Completed,,,,,Twitter,https://twitter.com/skasper/status/1681559059659382784?s=20,,,
How to Beat the Afternoon Slump and Stay Productive,🍋,SDK Twitter (https://www.notion.so/SDK-Twitter-6edc296b4bfb411eb78fdb5b385c8683?pvs=21),,,No,,"July 17, 2023 4:37 PM",Sascha,🛑🛑🛑🛑🛑 Everything Below This Line Just Runs the Template 🛑🛑🛑🛑🛑,,,,,No,,No,,,,,,⌚️ On Time,,,0,No,,,,"September 30, 2023",⛔️ Not Sponsored,,"Facebook, Instagram, LinkedIn, Twitter",,,20/07/2023,,,No,How to Beat the Afternoon Slump and Stay Productive,Yes,,,"July 24, 2023 12:59 PM",,,,,,,✅ Completed,,,,,Twitter,https://twitter.com/skasper/status/1681921206721691649?s=20,,,
Time Blocking: A Game-Changing Technique for Productivity,🍋,SDK Twitter (https://www.notion.so/SDK-Twitter-6edc296b4bfb411eb78fdb5b385c8683?pvs=21),,,No,,"July 17, 2023 4:49 PM",Sascha,🛑🛑🛑🛑🛑 Everything Below This Line Just Runs the Template 🛑🛑🛑🛑🛑,,,,,No,,No,,,,,,⌚️ On Time,,,0,No,,,,"September 30, 2023",⛔️ Not Sponsored,,"Facebook, Instagram, LinkedIn, Twitter",,,21/07/2023,,,No,Time Blocking: A Game-Changing Technique for Productivity,Yes,,,"July 24, 2023 12:57 PM",,,,,,,✅ Completed,,,,,Twitter,https://twitter.com/skasper/status/1682285597749137408?s=20,,,
Tweet “Range” review as thread,🍋,SDK Twitter (https://www.notion.so/SDK-Twitter-6edc296b4bfb411eb78fdb5b385c8683?pvs=21),,,No,,"April 3, 2023 3:57 PM",Sascha,🛑🛑🛑🛑🛑 Everything Below This Line Just Runs the Template 🛑🛑🛑🛑🛑,,,,,No,,Yes,,,,,,⌚️ On Time,,,0,No,,,,,⛔️ Not Sponsored,,,,,,,,No,Tweet “Range” review as thread,Yes,,,"July 7, 2023 10:14 AM",,,,,,,🧠 Planned,,Review,,,Twitter,,,,
WFH increases productivity,🍋,SDK Twitter (https://www.notion.so/SDK-Twitter-6edc296b4bfb411eb78fdb5b385c8683?pvs=21),,,No,,"April 25, 2023 9:48 AM",Sascha,🛑🛑🛑🛑🛑 Everything Below This Line Just Runs the Template 🛑🛑🛑🛑🛑,,,,,No,,No,,,,,,⌚️ On Time,,,0,No,,,,"September 30, 2023",⛔️ Not Sponsored,,"Facebook, Instagram, Twitter",,,14/07/2023,,,No,WFH increases productivity,Yes,,,"July 7, 2023 9:51 AM",,,,,,,✅ Completed,,Productivity,,,Twitter,,,,
Work overload decreases productivity,🍋,SDK Twitter (https://www.notion.so/SDK-Twitter-6edc296b4bfb411eb78fdb5b385c8683?pvs=21),,,No,,"April 25, 2023 9:46 AM",Sascha,🛑🛑🛑🛑🛑 Everything Below This Line Just Runs the Template 🛑🛑🛑🛑🛑,,,,,No,,No,,,,,,⌚️ On Time,,,0,No,,,,"September 30, 2023",⛔️ Not Sponsored,,"Facebook, Instagram, Twitter",,,13/07/2023,,,No,Work overload decreases productivity,Yes,,,"July 7, 2023 9:30 AM",,,,,,,✅ Completed,,Productivity,,,Twitter,,,,
Productivity Habits of Highly Successful People,🍋,SDK Twitter (https://www.notion.so/SDK-Twitter-6edc296b4bfb411eb78fdb5b385c8683?pvs=21),,,No,,"July 6, 2023 3:30 PM",Sascha,🛑🛑🛑🛑🛑 Everything Below This Line Just Runs the Template 🛑🛑🛑🛑🛑,,,,,No,,No,,,,,,⌚️ On Time,,,0,No,,,,"September 30, 2023",⛔️ Not Sponsored,,"Facebook, Instagram, Twitter",,,12/07/2023,,,No,Productivity Habits of Highly Successful People,Yes,,,"July 6, 2023 3:36 PM",,,,,,,✅ Completed,,,,,Twitter,,,,
10 Ways to Optimize Your Workspace for Maximum Efficiency,🍋,SDK Twitter (https://www.notion.so/SDK-Twitter-6edc296b4bfb411eb78fdb5b385c8683?pvs=21),,,No,,"July 6, 2023 2:16 PM",Sascha,🛑🛑🛑🛑🛑 Everything Below This Line Just Runs the Template 🛑🛑🛑🛑🛑,,,,,No,,No,,,,,,⌚️ On Time,,,0,No,,,,"September 30, 2023",⛔️ Not Sponsored,,"Facebook, Instagram, Twitter",,,12/07/2023,,,No,10 Ways to Optimize Your Workspace for Maximum Efficiency,Yes,,,"July 6, 2023 2:17 PM",,,,,,,✅ Completed,,,,,Twitter,,,,
Discover the Power of Pomodoro Technique for Enhanced Productivity,🍋,SDK Twitter (https://www.notion.so/SDK-Twitter-6edc296b4bfb411eb78fdb5b385c8683?pvs=21),,,No,,"July 6, 2023 2:02 PM",Sascha,🛑🛑🛑🛑🛑 Everything Below This Line Just Runs the Template 🛑🛑🛑🛑🛑,,,,,No,,No,,,,,,⌚️ On Time,,,0,No,,,,"September 30, 2023",⛔️ Not Sponsored,,"Facebook, Instagram, Twitter",,,11/07/2023,,,No,Discover the Power of Pomodoro Technique for Enhanced Productivity,Yes,,,"July 6, 2023 2:08 PM",,,,,,,✅ Completed,,,,,Twitter,,,,
Must-Have Productivity Tools for Efficient Workdays,🍋,SDK Twitter (https://www.notion.so/SDK-Twitter-6edc296b4bfb411eb78fdb5b385c8683?pvs=21),,,No,,"July 6, 2023 1:54 PM",Sascha,🛑🛑🛑🛑🛑 Everything Below This Line Just Runs the Template 🛑🛑🛑🛑🛑,,,,,No,,No,,,,,,⌚️ On Time,,,0,No,,,,"September 30, 2023",⛔️ Not Sponsored,,"Facebook, Instagram, Twitter",,,10/07/2023,,,No,Must-Have Productivity Tools for Efficient Workdays,Yes,,,"July 6, 2023 1:56 PM",,,,,,,✅ Completed,,,,,Twitter,,,,
Boost your productivity with these 10 tips,🍋,SDK Twitter (https://www.notion.so/SDK-Twitter-6edc296b4bfb411eb78fdb5b385c8683?pvs=21),,,No,,"July 6, 2023 1:31 PM",Sascha,🛑🛑🛑🛑🛑 Everything Below This Line Just Runs the Template 🛑🛑🛑🛑🛑,,,,,No,,No,,,,,,⌚️ On Time,,,0,No,,,,"September 30, 2023",⛔️ Not Sponsored,,"Facebook, Instagram, Twitter",,,11/07/2023,,,No,Boost your productivity with these 10 tips,Yes,,,"July 6, 2023 1:34 PM",,,,,,,✅ Completed,,Productivity,,,Twitter,,,,
Employees interrupted every 3 minutes,🍋,SDK Twitter (https://www.notion.so/SDK-Twitter-6edc296b4bfb411eb78fdb5b385c8683?pvs=21),,,No,,"April 24, 2023 4:39 PM",Sascha,🛑🛑🛑🛑🛑 Everything Below This Line Just Runs the Template 🛑🛑🛑🛑🛑,,,,,No,,No,,,,,,⌚️ On Time,,,0,No,,,,"September 30, 2023",⛔️ Not Sponsored,,"Facebook, Instagram, Twitter",,,07/07/2023,,,No,Employees interrupted every 3 minutes,Yes,,,"July 6, 2023 1:04 PM",,,,,,,✅ Completed,,Productivity,,,Twitter,,,,
How to write tasks and break them down properly,🍋,#LeanProductivity (https://www.notion.so/LeanProductivity-8380e1295dd4439a8846b9a898501e5c?pvs=21),,,No,,"May 9, 2023 12:38 PM",Sascha,🛑🛑🛑🛑🛑 Everything Below This Line Just Runs the Template 🛑🛑🛑🛑🛑,,,,,No,,Yes,,,,,,⌚️ On Time,999,,0,No,,,,,⛔️ Not Sponsored,,YouTube,,,,,,No,How to write tasks and break them down properly,Yes,,,"June 29, 2023 11:13 AM",,,,,,,🧠 Planned,,Tutorial,"Define title (https://www.notion.so/Define-title-d644783740644bc2b0560210920ce606?pvs=21), Create thumbnail (https://www.notion.so/Create-thumbnail-f3300e5e4c9d4f2ba374488aa2259d15?pvs=21), Write script (https://www.notion.so/Write-script-da55d517b0ed44feb163a29182627830?pvs=21), Review script (https://www.notion.so/Review-script-b65e09707cb648269827336788c5a6e0?pvs=21), Film video (https://www.notion.so/Film-video-78cbd2bc4ac2446080acc4219174e730?pvs=21), Edit video (https://www.notion.so/Edit-video-393a10207c224044b47e99b7912b8e8c?pvs=21), Publish video (https://www.notion.so/Publish-video-e683a6d422c94ed58b60bdd3794254b6?pvs=21), Generate and add subtitles (https://www.notion.so/Generate-and-add-subtitles-69422f551f5843a0a734c8f527c12b49?pvs=21), Write Blog Post (https://www.notion.so/Write-Blog-Post-fceac06d1b394e86ab952a7276502fc1?pvs=21), Create Infographic (https://www.notion.so/Create-Infographic-57167c5fc2184289bc626e113a63d760?pvs=21), Share on social media (Twitter, Substack, Pinterest, Facebook, LinkedIn, Website) (https://www.notion.so/Share-on-social-media-Twitter-Substack-Pinterest-Facebook-LinkedIn-Website-2ecc4f533f504319bf52b62e6ed9a414?pvs=21)",,Video,,,,
Rexy and Benny discover the Universe,🍋,Digital Products (https://www.notion.so/Digital-Products-23dede1e6a9e4b9eb33caca3aef55a54?pvs=21),,,No,,"May 24, 2023 11:57 AM",Sascha,🛑🛑🛑🛑🛑 Everything Below This Line Just Runs the Template 🛑🛑🛑🛑🛑,,,,,No,,Yes,,,,,,⌚️ On Time,2,,0,No,,,,,⛔️ Not Sponsored,,Ko-Fi,,,,,,No,Rexy and Benny discover the Universe,Yes,,,"May 24, 2023 3:49 PM",,,,,,,✏️ Writing,,,,,Downloadable,,,,
Facts about the Universe Shorts,🍋,Don Dinardoni YT (https://www.notion.so/Don-Dinardoni-YT-f14fe3aa79af47a08d80160be87bcff5?pvs=21),,,No,,"May 23, 2023 3:04 PM",Sascha,🛑🛑🛑🛑🛑 Everything Below This Line Just Runs the Template 🛑🛑🛑🛑🛑,,,,,No,,No,,,,,,⌚️ On Time,1,,0,No,,,,"July 31, 2023",⛔️ Not Sponsored,,YouTube,,,24/05/2023,,,No,Facts about the Universe Shorts,Yes,,,"May 24, 2023 11:41 AM",,,,,,,✅ Completed,,,"Define title (https://www.notion.so/Define-title-cfd50fceadea4ec7bb3ee737cf96d7b0?pvs=21), Create thumbnail (https://www.notion.so/Create-thumbnail-099c19c7edbb4ec98c4dcbb7ed80116a?pvs=21), Write script (https://www.notion.so/Write-script-a82898b04a874a46be4e8553e928b3fe?pvs=21), Review script (https://www.notion.so/Review-script-6db1ecfa4ee847eaa72918f4cb01f332?pvs=21), Film video (https://www.notion.so/Film-video-2995f67d3b1046ff8c0bd5ed940e37af?pvs=21), Edit video (https://www.notion.so/Edit-video-1362cfd39f0b424a827907f45e53bf78?pvs=21), Publish video (https://www.notion.so/Publish-video-0bf92aaa87b9476fabd5696a2f7e138e?pvs=21), Generate and add subtitles (https://www.notion.so/Generate-and-add-subtitles-b13b9ebecaf74d7984657264fde0c51a?pvs=21), Write Blog Post (https://www.notion.so/Write-Blog-Post-350c8922d9dd407dabd083c05b4ce54a?pvs=21), Create Infographic (https://www.notion.so/Create-Infographic-605245ede8ca4758b5528826addcb115?pvs=21), Share on social media (Twitter, Substack, Pinterest, Facebook, LinkedIn, Website) (https://www.notion.so/Share-on-social-media-Twitter-Substack-Pinterest-Facebook-LinkedIn-Website-4d580d20680a4fe3bfd6540971afdb51?pvs=21)",,Video,https://youtube.com/shorts/L05Us4Fy6vk,,,
Productivity Method Comparison,🍋,#LeanProductivity (https://www.notion.so/LeanProductivity-8380e1295dd4439a8846b9a898501e5c?pvs=21),"Untitled (https://www.notion.so/28f28620ee3e4daeaea6e0d084ecc0c8?pvs=21), Untitled (https://www.notion.so/620af063bee3485eadc064c3d7d17c9c?pvs=21)",,No,,"October 16, 2022 5:30 PM",Sascha,🛑🛑🛑🛑🛑 Everything Below This Line Just Runs the Template 🛑🛑🛑🛑🛑,,,,,No,,Yes,,,,,,⌚️ On Time,999,,0,No,,,,,⛔️ Not Sponsored,,,,,,,,No,Productivity Method Comparison,Yes,,,"April 29, 2023 1:28 PM",,,,,,,🧠 Planned,,Productivity,"Define title (https://www.notion.so/Define-title-534f7593bb0c44d5af6f235252f11c5e?pvs=21), Create thumbnail (https://www.notion.so/Create-thumbnail-58443ae8df034a17b9dbd4ecfe90fea0?pvs=21), Write script (https://www.notion.so/Write-script-11c93b5c8af74b0d90f5deb7d28013cd?pvs=21), Review script (https://www.notion.so/Review-script-dbdad7079d0e4600bc7b2c4fcb779c0a?pvs=21), Film video (https://www.notion.so/Film-video-05a9ed08357145328b54504a5ed8e123?pvs=21), Edit video (https://www.notion.so/Edit-video-4e9bf03cb5dd444fb3670186612bce73?pvs=21), Publish video (https://www.notion.so/Publish-video-a8dfd31487d34c56b7f5d1ba9f8db748?pvs=21), Share on social media (Twitter, Substack, Pinterest, Facebook, LinkedIn, Website) (https://www.notion.so/Share-on-social-media-Twitter-Substack-Pinterest-Facebook-LinkedIn-Website-9fd19030897d4cad80348b8de07bfdb4?pvs=21)",,Video,,,,
PARA File System,🍋,#LeanProductivity (https://www.notion.so/LeanProductivity-8380e1295dd4439a8846b9a898501e5c?pvs=21),,,No,,"October 12, 2022 9:23 AM",Sascha,🛑🛑🛑🛑🛑 Everything Below This Line Just Runs the Template 🛑🛑🛑🛑🛑,,,,,No,,Yes,,,,,,⌚️ On Time,,,0,No,,,,,⛔️ Not Sponsored,,,,,,,,No,PARA File System,Yes,,,"April 29, 2023 1:28 PM",,,,,,,🧠 Planned,,Productivity,,,Video,,,,
Productivity Microtips,🍋,#LeanProductivity (https://www.notion.so/LeanProductivity-8380e1295dd4439a8846b9a898501e5c?pvs=21),,,No,,"February 2, 2023 3:13 PM",Sascha,🛑🛑🛑🛑🛑 Everything Below This Line Just Runs the Template 🛑🛑🛑🛑🛑,,,,,No,,Yes,,,,,,⌚️ On Time,,,0,No,,,,,⛔️ Not Sponsored,,,,,,,,No,Productivity Microtips,Yes,,,"April 29, 2023 1:28 PM",,,,,,,🧠 Planned,,Productivity,,,Video,,,,
10 Simple and Effective Tips to Level Up Your Team Productivity,🍋,#LeanProductivity (https://www.notion.so/LeanProductivity-8380e1295dd4439a8846b9a898501e5c?pvs=21),,,No,,"March 31, 2023 10:28 AM",Sascha,🛑🛑🛑🛑🛑 Everything Below This Line Just Runs the Template 🛑🛑🛑🛑🛑,,,,,No,,Yes,,,,,,⌚️ On Time,999,Tips list (https://www.notion.so/Tips-list-1a4624efe6e9490498614d7937e79456?pvs=21),0,No,,,,,⛔️ Not Sponsored,,,,,,,,No,10 Simple and Effective Tips to Level Up Your Team Productivity,Yes,,,"April 29, 2023 1:28 PM",,,,,,,🧠 Planned,,Productivity,"Define title (https://www.notion.so/Define-title-c2fdef4db48446fab5c1e396498ab822?pvs=21), Create thumbnail (https://www.notion.so/Create-thumbnail-24a503ee6dc0491d8e475b5faa5538b4?pvs=21), Write script (https://www.notion.so/Write-script-d744114f4e0d465ea6769e3c2f648b82?pvs=21), Review script (https://www.notion.so/Review-script-e7a7c89206ec46508983b4db7188e950?pvs=21), Film video (https://www.notion.so/Film-video-e5d178114e074b8880612c4ce5d11774?pvs=21), Edit video (https://www.notion.so/Edit-video-5e496d39fd7d4c0aa96f80fbd9e2033b?pvs=21), Publish video (https://www.notion.so/Publish-video-f61547f2f5334b40ab59296362dda3a5?pvs=21), Share on social media (Twitter, Substack, Pinterest, Facebook, LinkedIn, Website) (https://www.notion.so/Share-on-social-media-Twitter-Substack-Pinterest-Facebook-LinkedIn-Website-8826b792351e430ebca2906e4c39b0a7?pvs=21)",,Video,,,,
Money wasted on meetings,🍋,SDK Twitter (https://www.notion.so/SDK-Twitter-6edc296b4bfb411eb78fdb5b385c8683?pvs=21),,,No,,"April 25, 2023 9:45 AM",Sascha,🛑🛑🛑🛑🛑 Everything Below This Line Just Runs the Template 🛑🛑🛑🛑🛑,,,,,No,,Yes,,,,,,💀 LATE,,,0,No,,,,"August 31, 2023",⛔️ Not Sponsored,,Twitter,,,02/06/2023,,,No,Money wasted on meetings,Yes,,,"April 25, 2023 9:45 AM",,,,,,,🧠 Planned,,Productivity,,,Twitter,,,,
Tweet a thread about the “4 levels of luck”,🍋,SDK Twitter (https://www.notion.so/SDK-Twitter-6edc296b4bfb411eb78fdb5b385c8683?pvs=21),,,No,,"July 23, 2022 8:37 PM",Sascha,🛑🛑🛑🛑🛑 Everything Below This Line Just Runs the Template 🛑🛑🛑🛑🛑,Sascha,,,,No,Medium,No,,,,,,⌚️ On Time,,,0,No,,,,"September 30, 2022",⛔️ Not Sponsored,,Twitter,,,28/07/2022,,,No,Tweet a thread about the “4 levels of luck”,Yes,,,"April 20, 2023 9:58 AM",Medium,,,,,,✅ Completed,,,,Medium,Twitter,https://twitter.com/skasper/status/1552618555719536643?s=20,,,Sascha
"Tweet about Top 3 PowerToys Features I Use Every Day to Maximize My Productivity (https://www.notion.so/Top-3-PowerToys-Features-I-Use-Every-Day-to-Maximize-My-Productivity-7f4612b4680b48ceae81abb05a3cbe3f?pvs=21) ",🍋,SDK Twitter (https://www.notion.so/SDK-Twitter-6edc296b4bfb411eb78fdb5b385c8683?pvs=21),,,No,,"August 22, 2022 4:56 PM",Sascha,🛑🛑🛑🛑🛑 Everything Below This Line Just Runs the Template 🛑🛑🛑🛑🛑,,,,,No,Medium,No,,,,,,⌚️ On Time,,,0,No,,,,"October 31, 2022",⛔️ Not Sponsored,,Twitter,,,23/08/2022,,,No,"Tweet about  ",Yes,,,"April 20, 2023 9:58 AM",Low,,,,,,✅ Completed,,,,Medium,Twitter,https://twitter.com/skasper/status/1561934002792960002?s=20,,,
Promote Speed Up Your Windows Installs: An Easy Guide for Noobs! (https://www.notion.so/Speed-Up-Your-Windows-Installs-An-Easy-Guide-for-Noobs-111a5915515545b5ac3bab53d30be2d2?pvs=21)]],🍋,SDK Twitter (https://www.notion.so/SDK-Twitter-6edc296b4bfb411eb78fdb5b385c8683?pvs=21),,,No,,"August 26, 2022 10:12 PM",Sascha,🛑🛑🛑🛑🛑 Everything Below This Line Just Runs the Template 🛑🛑🛑🛑🛑,Sascha,,,,No,,No,,,,,,⌚️ On Time,,,0,No,,,,"October 31, 2022",⛔️ Not Sponsored,,Twitter,,,30/08/2022,,,No,Promote ]],Yes,,,"April 20, 2023 9:57 AM",,,,,,,✅ Completed,,,,,Twitter,https://twitter.com/skasper/status/1564530865207529474?s=20,,,Sascha
#TILThursday: TinyWow,🍋,SDK Twitter (https://www.notion.so/SDK-Twitter-6edc296b4bfb411eb78fdb5b385c8683?pvs=21),,,No,,"August 23, 2022 3:45 PM",Sascha,🛑🛑🛑🛑🛑 Everything Below This Line Just Runs the Template 🛑🛑🛑🛑🛑,,,,,No,,No,,,,,,⌚️ On Time,,,0,No,,,,"October 31, 2022",⛔️ Not Sponsored,,"Blog, Facebook, Instagram, LinkedIn, Twitter",,,25/08/2022,,,No,#TILThursday: TinyWow,Yes,,,"April 20, 2023 9:57 AM",,,,,,,✅ Completed,,,,,Twitter,https://twitter.com/skasper/status/1574365668496920576?s=20,,,
Book Review “Storyworthy”,🍋,SDK Twitter (https://www.notion.so/SDK-Twitter-6edc296b4bfb411eb78fdb5b385c8683?pvs=21),,,No,,"April 20, 2023 9:52 AM",Sascha,🛑🛑🛑🛑🛑 Everything Below This Line Just Runs the Template 🛑🛑🛑🛑🛑,,,,,No,,No,,,,,,⌚️ On Time,,,0,No,,,,"March 31, 2023",⛔️ Not Sponsored,,,,,05/01/2023,,,No,Book Review “Storyworthy”,Yes,,,"April 20, 2023 9:52 AM",,,,,,,✅ Completed,,,,,Twitter,https://twitter.com/skasper/status/1610924064368910336?s=20,,,
Book Review “Madness of Crowds”,🍋,SDK Twitter (https://www.notion.so/SDK-Twitter-6edc296b4bfb411eb78fdb5b385c8683?pvs=21),,,No,,"April 20, 2023 9:51 AM",Sascha,🛑🛑🛑🛑🛑 Everything Below This Line Just Runs the Template 🛑🛑🛑🛑🛑,,,,,No,,No,,,,,,⌚️ On Time,,,0,No,,,,"March 31, 2023",⛔️ Not Sponsored,,Twitter,,,12/01/2023,,,No,Book Review “Madness of Crowds”,Yes,,,"April 20, 2023 9:52 AM",,,,,,,✅ Completed,,,,,Twitter,https://twitter.com/skasper/status/1613454403293573122?s=20,,,
Faster Content Publishing Process,🍋,SDK Twitter (https://www.notion.so/SDK-Twitter-6edc296b4bfb411eb78fdb5b385c8683?pvs=21),,,No,,"April 20, 2023 9:51 AM",Sascha,🛑🛑🛑🛑🛑 Everything Below This Line Just Runs the Template 🛑🛑🛑🛑🛑,,,,,No,,No,,,,,,⌚️ On Time,,,0,No,,,,"March 31, 2023",⛔️ Not Sponsored,,Twitter,,,16/01/2023,,,No,Faster Content Publishing Process,Yes,,,"April 20, 2023 9:51 AM",,,,,,,✅ Completed,,,,,Twitter,https://twitter.com/skasper/status/1614925500773711873?s=20,,,
AI crated videos FTW?,🍋,SDK Twitter (https://www.notion.so/SDK-Twitter-6edc296b4bfb411eb78fdb5b385c8683?pvs=21),,,No,,"April 20, 2023 9:50 AM",Sascha,🛑🛑🛑🛑🛑 Everything Below This Line Just Runs the Template 🛑🛑🛑🛑🛑,,,,,No,,No,,,,,,⌚️ On Time,,,0,No,,,,"March 31, 2023",⛔️ Not Sponsored,,Twitter,,,26/01/2023,,,No,AI crated videos FTW?,Yes,,,"April 20, 2023 9:50 AM",,,,,,,✅ Completed,,,,,Twitter,https://twitter.com/skasper/status/1618516847711641600?s=20,,,
Prioritizaton Method Comparison,🍋,SDK Twitter (https://www.notion.so/SDK-Twitter-6edc296b4bfb411eb78fdb5b385c8683?pvs=21),,,No,,"November 1, 2022 1:54 PM",Sascha,🛑🛑🛑🛑🛑 Everything Below This Line Just Runs the Template 🛑🛑🛑🛑🛑,,,,,No,,No,,,,,,⌚️ On Time,,,0,No,,,,"January 31, 2023",⛔️ Not Sponsored,,"Facebook, Instagram, LinkedIn, Twitter",,,01/11/2022,,,No,Prioritizaton Method Comparison,Yes,,,"April 20, 2023 9:50 AM",,,,,,,✅ Completed,,,,,Twitter,https://twitter.com/skasper/status/1618927807307948033?s=20,,,
DAX/M NP++ Thread,🍋,SDK Twitter (https://www.notion.so/SDK-Twitter-6edc296b4bfb411eb78fdb5b385c8683?pvs=21),,,No,,"January 31, 2023 1:42 PM",Sascha,🛑🛑🛑🛑🛑 Everything Below This Line Just Runs the Template 🛑🛑🛑🛑🛑,,,,,No,,No,,,,,,⌚️ On Time,,,0,No,,,,"April 30, 2023",⛔️ Not Sponsored,,"LinkedIn, Twitter",,,01/02/2023,,,No,DAX/M NP++ Thread,Yes,,,"April 20, 2023 9:49 AM",,,,,,,✅ Completed,,,,,Twitter,https://twitter.com/skasper/status/1620695451212173312?s=20,,,
Book Review “Range”,🍋,SDK Twitter (https://www.notion.so/SDK-Twitter-6edc296b4bfb411eb78fdb5b385c8683?pvs=21),,,No,,"April 20, 2023 9:49 AM",Sascha,🛑🛑🛑🛑🛑 Everything Below This Line Just Runs the Template 🛑🛑🛑🛑🛑,,,,,No,,No,,,,,,⌚️ On Time,,,0,No,,,,"April 30, 2023",⛔️ Not Sponsored,,Twitter,,,03/02/2023,,,No,Book Review “Range”,Yes,,,"April 20, 2023 9:49 AM",,,,,,,✅ Completed,,,,,Twitter,https://twitter.com/skasper/status/1621418272745787393?s=20,,,
Better Online Workshops,🍋,SDK Twitter (https://www.notion.so/SDK-Twitter-6edc296b4bfb411eb78fdb5b385c8683?pvs=21),,,No,,"April 20, 2023 9:48 AM",Sascha,🛑🛑🛑🛑🛑 Everything Below This Line Just Runs the Template 🛑🛑🛑🛑🛑,,,,,No,,No,,,,,,⌚️ On Time,,,0,No,,,,"April 30, 2023",⛔️ Not Sponsored,,Twitter,,,24/02/2023,,,No,Better Online Workshops,Yes,,,"April 20, 2023 9:48 AM",,,,,,,✅ Completed,,,,,Twitter,https://twitter.com/skasper/status/1629122780707844102?s=20,,,
10 Windows Shortcuts,🍋,SDK Twitter (https://www.notion.so/SDK-Twitter-6edc296b4bfb411eb78fdb5b385c8683?pvs=21),,,No,,"April 20, 2023 9:47 AM",Sascha,🛑🛑🛑🛑🛑 Everything Below This Line Just Runs the Template 🛑🛑🛑🛑🛑,,,,,No,,No,,,,,,⌚️ On Time,,,0,No,,,,"May 31, 2023",⛔️ Not Sponsored,,Twitter,,,28/03/2023,,,No,10 Windows Shortcuts,Yes,,,"April 20, 2023 9:47 AM",,,,,,,✅ Completed,,,,,Twitter,https://twitter.com/skasper/status/1640687181961351168?s=20,,,
AI Planning a weekly menu,🍋,SDK Twitter (https://www.notion.so/SDK-Twitter-6edc296b4bfb411eb78fdb5b385c8683?pvs=21),,,No,,"April 20, 2023 9:46 AM",Sascha,🛑🛑🛑🛑🛑 Everything Below This Line Just Runs the Template 🛑🛑🛑🛑🛑,,,,,No,,No,,,,,,⌚️ On Time,,,0,No,,,,"May 31, 2023",⛔️ Not Sponsored,,Twitter,,,31/03/2023,,,No,AI Planning a weekly menu,Yes,,,"April 20, 2023 9:47 AM",,,,,,,✅ Completed,,,,,Twitter,https://twitter.com/skasper/status/1641851880442560517?s=20,,,
Excel Shortcuts Thread,🍋,SDK Twitter (https://www.notion.so/SDK-Twitter-6edc296b4bfb411eb78fdb5b385c8683?pvs=21),,,No,,"April 20, 2023 9:46 AM",Sascha,🛑🛑🛑🛑🛑 Everything Below This Line Just Runs the Template 🛑🛑🛑🛑🛑,,,,,No,,No,,,,,,⌚️ On Time,,,0,No,,,,"June 30, 2023",⛔️ Not Sponsored,,Twitter,,,04/04/2023,,,No,Excel Shortcuts Thread,Yes,,,"April 20, 2023 9:46 AM",,,,,,,✅ Completed,,,,,Twitter,https://twitter.com/skasper/status/1643237079432790017?s=20,,,
Microsoft Designer Preview thread,🍋,SDK Twitter (https://www.notion.so/SDK-Twitter-6edc296b4bfb411eb78fdb5b385c8683?pvs=21),,,No,,"April 20, 2023 9:44 AM",Sascha,🛑🛑🛑🛑🛑 Everything Below This Line Just Runs the Template 🛑🛑🛑🛑🛑,,,,,No,,No,,,,,,⌚️ On Time,,,0,No,,,,"June 30, 2023",⛔️ Not Sponsored,,Twitter,,,05/04/2023,,,No,Microsoft Designer Preview thread,Yes,,,"April 20, 2023 9:45 AM",,,,,,,✅ Completed,,,,,Twitter,https://twitter.com/skasper/status/1643573510369947649?s=20,,,
Review of “Following Through”,🍋,SDK Blog (https://www.notion.so/SDK-Blog-5ad06f2c31ee4dd89ea378154c217055?pvs=21),,,No,,"April 3, 2023 3:56 PM",Sascha,🛑🛑🛑🛑🛑 Everything Below This Line Just Runs the Template 🛑🛑🛑🛑🛑,,,,,No,,Yes,,,,,,⌚️ On Time,,,0,No,,,,,⛔️ Not Sponsored,,,,,,,,No,Review of “Following Through”,Yes,,,"April 3, 2023 3:56 PM",,,,,,,🧠 Planned,,,,,Blog,,,,
Book review of “Range” by David Epstein,🍋,SDK Blog (https://www.notion.so/SDK-Blog-5ad06f2c31ee4dd89ea378154c217055?pvs=21),,,No,,"February 2, 2023 10:10 AM",Sascha,🛑🛑🛑🛑🛑 Everything Below This Line Just Runs the Template 🛑🛑🛑🛑🛑,,,,,No,,No,,,,,,⌚️ On Time,,,0,No,,,,"April 30, 2023",⛔️ Not Sponsored,,"Blog, Facebook, Instagram, LinkedIn, Twitter",,,02/02/2023,,,No,Book review of “Range” by David Epstein,Yes,,,"February 28, 2023 12:22 PM",,,,,,,✅ Completed,,,,,Blog,https://sascha-kasper.com/range-by-david-epstein-review/,,,
StarTrek TNG Life Lessons for the 21st century,🍋,Books (https://www.notion.so/Books-4cde4d799e1e4c959f5f4dc15a51bd54?pvs=21),,,No,,"February 2, 2023 11:23 AM",Sascha,🛑🛑🛑🛑🛑 Everything Below This Line Just Runs the Template 🛑🛑🛑🛑🛑,,,,,No,,No,,,,,,⌚️ On Time,1,,0,No,,,,,⛔️ Not Sponsored,,,,,,,,No,StarTrek TNG Life Lessons for the 21st century,Yes,,,"February 3, 2023 1:51 PM",,,,,,,📖 Research,,,,,Downloadable,,,,
The Good Parent App,🍋,Digital Products (https://www.notion.so/Digital-Products-23dede1e6a9e4b9eb33caca3aef55a54?pvs=21),,,No,,"February 2, 2023 2:57 PM",Sascha,🛑🛑🛑🛑🛑 Everything Below This Line Just Runs the Template 🛑🛑🛑🛑🛑,,,,,No,,No,,,,,,⌚️ On Time,,,0,No,,,,,⛔️ Not Sponsored,,,,,,,,No,The Good Parent App,Yes,,,"February 2, 2023 2:57 PM",,,,,,,🧠 Planned,,,,,Downloadable,,,,
RICE Template Download,🍋,SDK Blog (https://www.notion.so/SDK-Blog-5ad06f2c31ee4dd89ea378154c217055?pvs=21),,,No,,"January 27, 2023 9:49 AM",Sascha,🛑🛑🛑🛑🛑 Everything Below This Line Just Runs the Template 🛑🛑🛑🛑🛑,,,,,No,,No,,,,,,⌚️ On Time,,,0,No,,,,"March 31, 2023",⛔️ Not Sponsored,,"Blog, Facebook, Instagram, LinkedIn, Twitter",,,27/01/2023,,,No,RICE Template Download,Yes,,,"February 2, 2023 10:08 AM",,,,,,,✅ Completed,,,,,Blog,https://sascha-kasper.com/rice-analysis-for-prioritizing/,,,
Book review of “Show Your Work”,🍋,SDK Blog (https://www.notion.so/SDK-Blog-5ad06f2c31ee4dd89ea378154c217055?pvs=21),,,No,,"July 21, 2022 3:36 PM",Sascha,🛑🛑🛑🛑🛑 Everything Below This Line Just Runs the Template 🛑🛑🛑🛑🛑,,,,,No,Medium,No,,,,,,⌚️ On Time,,,0,No,,,,"March 31, 2023",⛔️ Not Sponsored,,"Blog, Facebook, Instagram, LinkedIn, Twitter",,,10/01/2023,,,No,Book review of “Show Your Work”,Yes,,,"January 24, 2023 7:11 PM",Low,,,,,,✅ Completed,,Review,,Low,Blog,https://sascha-kasper.com/show-your-work-review/,,,
Thread about top 3 newsletters in 2022,🍋,SDK Twitter (https://www.notion.so/SDK-Twitter-6edc296b4bfb411eb78fdb5b385c8683?pvs=21),,,No,,"January 6, 2023 5:06 PM",Sascha,🛑🛑🛑🛑🛑 Everything Below This Line Just Runs the Template 🛑🛑🛑🛑🛑,,,,,No,,No,,,,,,⌚️ On Time,,,0,No,,,,"March 31, 2023",⛔️ Not Sponsored,,"Facebook, Instagram, LinkedIn, Twitter",,,09/01/2023,,,No,Thread about top 3 newsletters in 2022,Yes,,,"January 9, 2023 2:36 PM",,,,,,,✅ Completed,,,,,Twitter,https://twitter.com/skasper/status/1612358593042436097?s=20&t=lYz62uX1BGhJl632rQQidA,,,
Essentialism - Review,🍋,SDK Blog (https://www.notion.so/SDK-Blog-5ad06f2c31ee4dd89ea378154c217055?pvs=21),,,No,,"January 8, 2023 9:31 PM",Sascha,🛑🛑🛑🛑🛑 Everything Below This Line Just Runs the Template 🛑🛑🛑🛑🛑,,,,,No,,No,,,,,,⌚️ On Time,,,0,No,,,,,⛔️ Not Sponsored,,,,,,,,No,Essentialism - Review,Yes,,,"January 8, 2023 9:34 PM",,,,,,,📖 Research,,,,,Blog,,,,
Thread about top 3 frameworks in 2022,🍋,SDK Twitter (https://www.notion.so/SDK-Twitter-6edc296b4bfb411eb78fdb5b385c8683?pvs=21),,,No,,"January 2, 2023 11:11 AM",Sascha,🛑🛑🛑🛑🛑 Everything Below This Line Just Runs the Template 🛑🛑🛑🛑🛑,,,,,No,,No,,,,,,⌚️ On Time,,,0,No,,,,"March 31, 2023",⛔️ Not Sponsored,,"Facebook, Instagram, LinkedIn, Twitter",,,03/01/2023,,,No,Thread about top 3 frameworks in 2022,Yes,,,"January 6, 2023 4:33 PM",,,,,,,✅ Completed,,,,,Twitter,https://twitter.com/skasper/status/1610181926849056769?s=20&t=K--GPDQkNx44rp5QKcbZ4A,,,
Thread about top 3 tools in 2022,🍋,SDK Twitter (https://www.notion.so/SDK-Twitter-6edc296b4bfb411eb78fdb5b385c8683?pvs=21),,,No,,"January 5, 2023 9:47 AM",Sascha,🛑🛑🛑🛑🛑 Everything Below This Line Just Runs the Template 🛑🛑🛑🛑🛑,,,,,No,,No,,,,,,⌚️ On Time,,,0,No,,,,"March 31, 2023",⛔️ Not Sponsored,,"Facebook, Instagram, LinkedIn, Twitter",,,06/01/2023,,,No,Thread about top 3 tools in 2022,Yes,,,"January 6, 2023 4:30 PM",,,,,,,✅ Completed,,,,,Twitter,https://twitter.com/skasper/status/1611269087237210115?s=20&t=LC4qwkb0IjDr8U2QToadog,,,
Template for private financials,🍋,Digital Products (https://www.notion.so/Digital-Products-23dede1e6a9e4b9eb33caca3aef55a54?pvs=21),,,No,,"January 5, 2023 11:14 AM",Sascha,🛑🛑🛑🛑🛑 Everything Below This Line Just Runs the Template 🛑🛑🛑🛑🛑,,,,,No,,No,,,,,,⌚️ On Time,,,0,No,,,,,⛔️ Not Sponsored,,,,,,,,No,Template for private financials,Yes,,,"January 5, 2023 11:14 AM",,,,,,,🧠 Planned,,,,,Downloadable,,,,
Thread about my Top 3 Habits in 2022,🍋,SDK Twitter (https://www.notion.so/SDK-Twitter-6edc296b4bfb411eb78fdb5b385c8683?pvs=21),,,No,,"January 2, 2023 10:38 AM",Sascha,🛑🛑🛑🛑🛑 Everything Below This Line Just Runs the Template 🛑🛑🛑🛑🛑,,,,,No,,No,,,,,,⌚️ On Time,,,0,No,,,,"March 31, 2023",⛔️ Not Sponsored,,"LinkedIn, Twitter",,,02/01/2023,,,No,Thread about my Top 3 Habits in 2022,Yes,,,"January 2, 2023 1:33 PM",,,,,,,✅ Completed,,,,,Twitter,https://twitter.com/skasper/status/1609868108499402753?s=20&t=yB-1Xk7cfSZCNnVEc6KwXA,,,
Thread about top 3 Podcasts in 2022,🍋,SDK Twitter (https://www.notion.so/SDK-Twitter-6edc296b4bfb411eb78fdb5b385c8683?pvs=21),,,No,,"December 31, 2022 12:30 PM",Sascha,🛑🛑🛑🛑🛑 Everything Below This Line Just Runs the Template 🛑🛑🛑🛑🛑,,,,,No,,No,,,,,,⌚️ On Time,,,0,No,,,,"March 31, 2023",⛔️ Not Sponsored,,"LinkedIn, Twitter",,,01/01/2023,,,No,Thread about top 3 Podcasts in 2022,Yes,,,"January 2, 2023 10:21 AM",,,,,,,✅ Completed,,,,,Twitter,https://twitter.com/skasper/status/1609489718864904194?s=20&t=_A_enFAiCuXt2N1qDxXQLA,,,
Thread about Top 3 Books in 2022,🍋,SDK Twitter (https://www.notion.so/SDK-Twitter-6edc296b4bfb411eb78fdb5b385c8683?pvs=21),,,No,,"December 31, 2022 9:44 AM",Sascha,🛑🛑🛑🛑🛑 Everything Below This Line Just Runs the Template 🛑🛑🛑🛑🛑,,,,,No,,No,,,,,,⌚️ On Time,,,0,No,,,,"February 28, 2023",⛔️ Not Sponsored,,"LinkedIn, Twitter",,,31/12/2022,,,No,Thread about Top 3 Books in 2022,Yes,,,"December 31, 2022 11:27 AM",,,,,,,✅ Completed,,,,,Twitter,https://twitter.com/skasper/status/1609092826414841858?s=20&t=b7hEjMsyds6cNPjFElsG5A,,,
Show your Work - Review,🍋,SDK Blog (https://www.notion.so/SDK-Blog-5ad06f2c31ee4dd89ea378154c217055?pvs=21),,,No,,"December 31, 2022 11:15 AM",Sascha,🛑🛑🛑🛑🛑 Everything Below This Line Just Runs the Template 🛑🛑🛑🛑🛑,,,,,No,,No,,,,,,⌚️ On Time,,,0,No,,,,"March 31, 2023",⛔️ Not Sponsored,,"Blog, Facebook, Instagram, LinkedIn, Twitter",,,02/01/2023,,,No,Show your Work - Review,Yes,,,"December 31, 2022 11:25 AM",,,,,,,✅ Completed,,,,,Blog,https://sascha-kasper.com/show-your-work-review,,,
Storyworthy - Review,🍋,SDK Blog (https://www.notion.so/SDK-Blog-5ad06f2c31ee4dd89ea378154c217055?pvs=21),,,No,,"December 31, 2022 10:49 AM",Sascha,🛑🛑🛑🛑🛑 Everything Below This Line Just Runs the Template 🛑🛑🛑🛑🛑,,,,,No,,No,,,,,,⌚️ On Time,,,0,No,,,,"March 31, 2023",⛔️ Not Sponsored,,"Blog, Facebook, Instagram, LinkedIn, Twitter",,,03/01/2023,,,No,Storyworthy - Review,Yes,,,"December 31, 2022 11:16 AM",,,,,,,✅ Completed,,,,,Blog,https://sascha-kasper.com/storyworthy-review,,,
The Madness of Crowds - Review,🍋,SDK Blog (https://www.notion.so/SDK-Blog-5ad06f2c31ee4dd89ea378154c217055?pvs=21),,,No,,"December 31, 2022 9:49 AM",Sascha,🛑🛑🛑🛑🛑 Everything Below This Line Just Runs the Template 🛑🛑🛑🛑🛑,,,,,No,,No,,,,,,⌚️ On Time,,,0,No,,,,"February 28, 2023",⛔️ Not Sponsored,,"Blog, Facebook, Instagram, LinkedIn, Twitter",,,31/12/2022,,,No,The Madness of Crowds - Review,Yes,,,"December 31, 2022 11:16 AM",,,,,,,✅ Completed,,,,,Blog,https://sascha-kasper.com/the-madness-of-crowds-review,,,
Book Review “Exactly What to Say”,🍋,SDK Blog (https://www.notion.so/SDK-Blog-5ad06f2c31ee4dd89ea378154c217055?pvs=21),,,No,,"July 21, 2022 4:32 PM",Sascha,🛑🛑🛑🛑🛑 Everything Below This Line Just Runs the Template 🛑🛑🛑🛑🛑,,,,,No,Medium,No,,,,,,⌚️ On Time,,Exactly What to Say (https://www.notion.so/Exactly-What-to-Say-0c1dd5cf375d4bd5a3d434974208a5b6?pvs=21),0,No,,,,"September 30, 2022",⛔️ Not Sponsored,,"Blog, Facebook, Instagram, LinkedIn, Twitter",,,21/07/2022,,,No,Book Review “Exactly What to Say”,Yes,,,"December 31, 2022 11:16 AM",Low,,,,,,✅ Completed,,Review,,Low,Blog,,,,
PowerToys 0.64 Highlights,🍋,SDK Twitter (https://www.notion.so/SDK-Twitter-6edc296b4bfb411eb78fdb5b385c8683?pvs=21),,,No,,"November 4, 2022 9:52 AM",Sascha,🛑🛑🛑🛑🛑 Everything Below This Line Just Runs the Template 🛑🛑🛑🛑🛑,,,,,No,,No,,,,,,⌚️ On Time,,,0,No,,,,"January 31, 2023",⛔️ Not Sponsored,,"Facebook, Instagram, LinkedIn, Twitter",,,04/11/2022,,,No,PowerToys 0.64 Highlights,Yes,,,"November 4, 2022 10:23 AM",,,,,,,✅ Completed,,,,,Twitter,https://twitter.com/skasper/status/1588436938163654658?s=20&t=Yy3__zEgEHc39YY6dtE-rQ,,,
Common Productivity Methods,🍋,SDK Twitter (https://www.notion.so/SDK-Twitter-6edc296b4bfb411eb78fdb5b385c8683?pvs=21),,,No,,"October 25, 2022 6:32 PM",Sascha,🛑🛑🛑🛑🛑 Everything Below This Line Just Runs the Template 🛑🛑🛑🛑🛑,,,,,No,,No,,,,,,⌚️ On Time,,,0,No,,,,"December 31, 2022",⛔️ Not Sponsored,,"Facebook, Instagram, LinkedIn, Twitter",,,25/10/2022,,,No,Common Productivity Methods,Yes,,,"October 25, 2022 6:33 PM",,,,,,,✅ Completed,,,,,Twitter,https://twitter.com/skasper/status/1584929064472780802?s=20&t=QrTQfaypwfTCps-roTnSbA,,,
The Top 3 Content Creation Tools with Best Value and Price Comparison,⭐⭐⭐⭐⭐,#LeanProductivity (https://www.notion.so/LeanProductivity-8380e1295dd4439a8846b9a898501e5c?pvs=21),,,No,,"July 30, 2022 9:40 AM",Sascha,🛑🛑🛑🛑🛑 Everything Below This Line Just Runs the Template 🛑🛑🛑🛑🛑,,"content creation for beginners (https://www.notion.so/content-creation-for-beginners-5de79b35b98a47a498f496a60bf99281?pvs=21), content creation (https://www.notion.so/content-creation-608287445cff4b8e8d03b36383bf9011?pvs=21), content creation tools (https://www.notion.so/content-creation-tools-637ea126505542b58a2fed23e50a38b9?pvs=21), best content creation tools (https://www.notion.so/best-content-creation-tools-c428e4f271d44766b368d21fc5f12745?pvs=21), the top 10 content creation tools (https://www.notion.so/the-top-10-content-creation-tools-40180e8348d2464ca351e287dff6e3d7?pvs=21), the top 5 content creation tools (https://www.notion.so/the-top-5-content-creation-tools-bdfe9aaee4e54a2da782cf59dc183ad9?pvs=21)",,,No,HIGH,Yes,"https://www.notion.so/997d81c5976c4a35b5e04119df5808de,https://www.notion.so/997d81c5976c4a35b5e04119df5808de,https://www.notion.so/997d81c5976c4a35b5e04119df5808de,https://www.notion.so/997d81c5976c4a35b5e04119df5808de,https://www.notion.so/997d81c5976c4a35b5e04119df5808de,https://www.notion.so/997d81c5976c4a35b5e04119df5808de","42.82,30.65,15.66,15.01,12.55,11.42",,"35540,95201.4,2283,871.6,2799.1,3088.5",,💀 LATE,999,,0,No,,,,"January 31, 2023",⛔️ Not Sponsored,,,🚴‍♀️ Medium Term,,08/11/2022,,,No,The Top 3 Content Creation Tools with Best Value and Price Comparison,Yes,,,"October 16, 2022 11:20 AM",Medium,,,,,,📖 Research,,Software,"Define title (https://www.notion.so/Define-title-e53784974957400ea6e626c98d5db02e?pvs=21), Create thumbnail (https://www.notion.so/Create-thumbnail-312bdea76a544ab592e405cb5024a4e4?pvs=21), Write script (https://www.notion.so/Write-script-6aaa61fe890041e88286f4e3e82a7c3c?pvs=21), Review script (https://www.notion.so/Review-script-e6e66962790f4ad2b07c8b79d2894ca4?pvs=21), Film video (https://www.notion.so/Film-video-0c1d1405e6db495b97766a2c32edb410?pvs=21), Edit video (https://www.notion.so/Edit-video-e444f516997d46478807b02767d48017?pvs=21), Publish video (https://www.notion.so/Publish-video-231a2934624042debf822c43b116e7a4?pvs=21), Share on social media (Twitter, Substack, Pinterest, Facebook, LinkedIn, Website) (https://www.notion.so/Share-on-social-media-Twitter-Substack-Pinterest-Facebook-LinkedIn-Website-7b9f7508fef14b72aa70356b4e8b236c?pvs=21)",HIGH,Video,,,,
Fledgling content creator tools,🍋,SDK Twitter (https://www.notion.so/SDK-Twitter-6edc296b4bfb411eb78fdb5b385c8683?pvs=21),,,No,,"October 13, 2022 10:01 AM",Sascha,🛑🛑🛑🛑🛑 Everything Below This Line Just Runs the Template 🛑🛑🛑🛑🛑,,,,,No,,No,,,,,,⌚️ On Time,,,0,No,,,,"December 31, 2022",⛔️ Not Sponsored,,"Facebook, Instagram, LinkedIn, Twitter",,,13/10/2022,,,No,Fledgling content creator tools,Yes,,,"October 14, 2022 1:29 PM",,,,,,,✅ Completed,,,,,Twitter,https://twitter.com/skasper/status/1580463563360980992?s=20&t=YTw61hEJ0gtuiQOHy_z5fw,,,
The Top 4 Free AND Better Everyday Apps for Windows,🍋,#LeanProductivity (https://www.notion.so/LeanProductivity-8380e1295dd4439a8846b9a898501e5c?pvs=21),,,No,,"September 22, 2022 9:03 AM",Sascha,🛑🛑🛑🛑🛑 Everything Below This Line Just Runs the Template 🛑🛑🛑🛑🛑,,best free windows apps (https://www.notion.so/best-free-windows-apps-84fc7a7f884e46b8a032d9dbbeeffbb5?pvs=21),,,No,,No,"https://www.notion.so/48f3244021d746b490ba5b0efb07f460, https://www.notion.so/af57874cc1ed450f9f2534e2ce4c01c5",,,,,⌚️ On Time,8,Untitled (https://www.notion.so/f744ebd83353469894b1b3d318a7a383?pvs=21),0,No,,,,"December 31, 2022",⛔️ Not Sponsored,,"Blog, Facebook, Instagram, LinkedIn, Pinterest, Twitter, YouTube",,,11/10/2022,,,No,The Top 4 Free AND Better Everyday Apps for Windows,Yes,,,"October 14, 2022 1:26 PM",,,,,,,✅ Completed,,,"Untitled (https://www.notion.so/0f4615c76192485db40f9aa8c2cc5b98?pvs=21), Untitled (https://www.notion.so/a027ac962de94aaaa074fb322813c6e4?pvs=21), Untitled (https://www.notion.so/318b8971303649bdbe37f8232597c05d?pvs=21), Untitled (https://www.notion.so/1fa235956f0f4fd9a413bc39f0e89858?pvs=21), Untitled (https://www.notion.so/8aa5d3d5956a486c862ce608a239d22b?pvs=21), Untitled (https://www.notion.so/e4be42dc27994718b3e8beed67d3c1e4?pvs=21), Untitled (https://www.notion.so/2ff1b2a9afa54d8bb03822213bc8a42f?pvs=21), Untitled (https://www.notion.so/49a992add10d4f1bb12c779635d5307b?pvs=21), Untitled (https://www.notion.so/3af7f130ba72449db8981117b0e6f9ce?pvs=21), Untitled (https://www.notion.so/9050668ffcf04b68a4225e06811106d9?pvs=21), Untitled (https://www.notion.so/d211a21db4d040368cc86726611003b8?pvs=21), Untitled (https://www.notion.so/b1eb4267f77f425a953a7bc581b72340?pvs=21), Untitled (https://www.notion.so/0252f0755f644fceb69a5890def7d69a?pvs=21)",,Video,https://youtu.be/YdlehfeqGRk,,,
"“Guide to the good life” review as #short ",🍋,"Untitled (https://www.notion.so/286a9f8cf1fb4ce19f80d428d6c234b2?pvs=21), #LeanProductivity (https://www.notion.so/LeanProductivity-8380e1295dd4439a8846b9a898501e5c?pvs=21)",,,No,,"July 23, 2022 7:26 PM",Sascha,🛑🛑🛑🛑🛑 Everything Below This Line Just Runs the Template 🛑🛑🛑🛑🛑,,,,,Yes,Medium,Yes,,,,,,💀 LATE,999,,0,No,,,,"September 30, 2022",⛔️ Not Sponsored,,,,,29/07/2022,,,No,"“Guide to the good life” review as #short ",Yes,,,"August 22, 2022 5:06 PM",Low,,,,,,🧠 Planned,,Review,,Low,Video,,,,Sascha
Flashcards for AoE2 Civs,🍋,Don Dinardoni Blog (https://www.notion.so/Don-Dinardoni-Blog-aace4da814744ae891b39d9daa7d97cc?pvs=21),,,No,,"August 22, 2022 10:11 AM",Sascha,🛑🛑🛑🛑🛑 Everything Below This Line Just Runs the Template 🛑🛑🛑🛑🛑,,,,,No,,Yes,,,,,,⌚️ On Time,,,0,No,,,,,⛔️ Not Sponsored,,,,,,,,No,Flashcards for AoE2 Civs,Yes,,,"August 22, 2022 10:11 AM",,,,,,,🧠 Planned,,Tutorial,,,Blog,,,,
"Flashcards for AoE2 ",🍋,Don Dinardoni Blog (https://www.notion.so/Don-Dinardoni-Blog-aace4da814744ae891b39d9daa7d97cc?pvs=21),,,No,,"August 22, 2022 10:11 AM",Sascha,🛑🛑🛑🛑🛑 Everything Below This Line Just Runs the Template 🛑🛑🛑🛑🛑,,,,,No,,Yes,,,,,,⌚️ On Time,,,0,No,,,,,⛔️ Not Sponsored,,,,,,,,No,"Flashcards for AoE2 ",Yes,,,"August 22, 2022 10:11 AM",,,,,,,🧠 Planned,,Tutorial,,,Blog,,,,
Power BI for SMEs,⭐⭐⭐⭐⭐,Skillshare (https://www.notion.so/Skillshare-ca91cfff72fc413ba6b78d5247f972e1?pvs=21),,,No,,"August 15, 2022 2:48 PM",Sascha,🛑🛑🛑🛑🛑 Everything Below This Line Just Runs the Template 🛑🛑🛑🛑🛑,Sascha,,,,No,HIGH,No,,,,,,⌚️ On Time,,,0,No,,,,,⛔️ Not Sponsored,,,🚶‍♀️ Long Term,,,,,No,Power BI for SMEs,Yes,,,"August 15, 2022 4:25 PM",Medium,,,,,,🧠 Planned,,Tutorial,,HIGH,Course,https://skillshare.com,,,Sascha
Tweet “Exactly what to say” review as thread,🍋,SDK Twitter (https://www.notion.so/SDK-Twitter-6edc296b4bfb411eb78fdb5b385c8683?pvs=21),,,No,,"July 23, 2022 7:25 PM",Sascha,🛑🛑🛑🛑🛑 Everything Below This Line Just Runs the Template 🛑🛑🛑🛑🛑,,,,,No,Low,Yes,,,,,,💀 LATE,1,,0,No,,,,"September 30, 2022",⛔️ Not Sponsored,,,,,29/07/2022,,,No,Tweet “Exactly what to say” review as thread,Yes,,,"July 23, 2022 7:25 PM",Low,,,,,,🧠 Planned,,Review,,Low,Twitter,,,,Sascha
Tweet “Guide to the good life” review as thread,🍋,SDK Twitter (https://www.notion.so/SDK-Twitter-6edc296b4bfb411eb78fdb5b385c8683?pvs=21),,,No,,"July 23, 2022 7:22 PM",Sascha,🛑🛑🛑🛑🛑 Everything Below This Line Just Runs the Template 🛑🛑🛑🛑🛑,,,,,No,Low,Yes,,,,,,💀 LATE,1,,0,No,,,,"September 30, 2022",⛔️ Not Sponsored,,,,,25/07/2022,,,No,Tweet “Guide to the good life” review as thread,Yes,,,"July 23, 2022 7:24 PM",Low,,,,,,🧠 Planned,,Review,,Low,Twitter,,,,Sascha